<?xml version="1.0" standalone="yes"?>
<NewDataSet>
  <xs:schema id="NewDataSet" xmlns="" xmlns:xs="http://www.w3.org/2001/XMLSchema" xmlns:msdata="urn:schemas-microsoft-com:xml-msdata">
    <xs:element name="NewDataSet" msdata:IsDataSet="true" msdata:Locale="">
      <xs:complexType>
        <xs:choice minOccurs="0" maxOccurs="unbounded">
          <xs:element name="Table">
            <xs:complexType>
              <xs:sequence>
                <xs:element name="CountryCode" type="xs:string" minOccurs="0" />
                <xs:element name="CompanyCode" type="xs:int" minOccurs="0" />
                <xs:element name="CurrencyCode" type="xs:string" minOccurs="0" />
                <xs:element name="IsDefault" type="xs:string" minOccurs="0" />
                <xs:element name="CurrencyName" type="xs:string" minOccurs="0" />
                <xs:element name="ExtraUnit" type="xs:string" minOccurs="0" />
                <xs:element name="Symbol" type="xs:string" minOccurs="0" />
                <xs:element name="DecimalDigits" type="xs:int" minOccurs="0" />
                <xs:element name="DecimalSeparator" type="xs:string" minOccurs="0" />
                <xs:element name="GroupSizes" type="xs:int" minOccurs="0" />
                <xs:element name="GroupSeparator" type="xs:string" minOccurs="0" />
                <xs:element name="PositivePattern" type="xs:int" minOccurs="0" />
                <xs:element name="ListPriority" type="xs:int" minOccurs="0" />
                <xs:element name="Status" type="xs:string" minOccurs="0" />
                <xs:element name="SupportDecimal" type="xs:boolean" minOccurs="0" />
              </xs:sequence>
            </xs:complexType>
          </xs:element>
        </xs:choice>
      </xs:complexType>
    </xs:element>
  </xs:schema>
  <Table>
    <CountryCode>USA</CountryCode>
    <CompanyCode>1003</CompanyCode>
    <CurrencyCode>USD  </CurrencyCode>
    <IsDefault>Y</IsDefault>
    <CurrencyName>US Dollar</CurrencyName>
    <ExtraUnit />
    <Symbol>$</Symbol>
    <DecimalDigits>2</DecimalDigits>
    <DecimalSeparator>.</DecimalSeparator>
    <GroupSizes>3</GroupSizes>
    <GroupSeparator>,</GroupSeparator>
    <PositivePattern>0</PositivePattern>
    <ListPriority>1</ListPriority>
    <Status>A</Status>
    <SupportDecimal>true</SupportDecimal>
  </Table>
  <Table>
    <CountryCode>GBR</CountryCode>
    <CompanyCode>1003</CompanyCode>
    <CurrencyCode>USD  </CurrencyCode>
    <CurrencyName>US Dollar</CurrencyName>
    <ExtraUnit />
    <Symbol>$</Symbol>
    <DecimalDigits>2</DecimalDigits>
    <DecimalSeparator>.</DecimalSeparator>
    <GroupSizes>3</GroupSizes>
    <GroupSeparator>,</GroupSeparator>
    <PositivePattern>0</PositivePattern>
    <ListPriority>2</ListPriority>
    <Status>A</Status>
    <SupportDecimal>true</SupportDecimal>
  </Table>
  <Table>
    <CountryCode>GBR</CountryCode>
    <CompanyCode>1003</CompanyCode>
    <CurrencyCode>EUR  </CurrencyCode>
    <CurrencyName>Euro</CurrencyName>
    <ExtraUnit />
    <Symbol>€</Symbol>
    <DecimalDigits>2</DecimalDigits>
    <DecimalSeparator>,</DecimalSeparator>
    <GroupSizes>3</GroupSizes>
    <GroupSeparator>.</GroupSeparator>
    <PositivePattern>0</PositivePattern>
    <ListPriority>3</ListPriority>
    <Status>A</Status>
    <SupportDecimal>true</SupportDecimal>
  </Table>
  <Table>
    <CountryCode>GBR</CountryCode>
    <CompanyCode>1003</CompanyCode>
    <CurrencyCode>GBP  </CurrencyCode>
    <IsDefault>Y</IsDefault>
    <CurrencyName>United Kingdom</CurrencyName>
    <ExtraUnit />
    <Symbol>£</Symbol>
    <DecimalDigits>2</DecimalDigits>
    <DecimalSeparator>.</DecimalSeparator>
    <GroupSizes>3</GroupSizes>
    <GroupSeparator>,</GroupSeparator>
    <PositivePattern>0</PositivePattern>
    <ListPriority>1</ListPriority>
    <Status>A</Status>
    <SupportDecimal>true</SupportDecimal>
  </Table>
  <Table>
    <CountryCode>AUS</CountryCode>
    <CompanyCode>1003</CompanyCode>
    <CurrencyCode>USD  </CurrencyCode>
    <CurrencyName>US Dollar</CurrencyName>
    <ExtraUnit />
    <Symbol>$</Symbol>
    <DecimalDigits>2</DecimalDigits>
    <DecimalSeparator>.</DecimalSeparator>
    <GroupSizes>3</GroupSizes>
    <GroupSeparator>,</GroupSeparator>
    <PositivePattern>0</PositivePattern>
    <ListPriority>2</ListPriority>
    <Status>A</Status>
    <SupportDecimal>true</SupportDecimal>
  </Table>
  <Table>
    <CountryCode>AUS</CountryCode>
    <CompanyCode>1003</CompanyCode>
    <CurrencyCode>AUD  </CurrencyCode>
    <IsDefault>Y</IsDefault>
    <CurrencyName>Australian Dollar</CurrencyName>
    <ExtraUnit>AUD</ExtraUnit>
    <Symbol>$</Symbol>
    <DecimalDigits>2</DecimalDigits>
    <DecimalSeparator>.</DecimalSeparator>
    <GroupSizes>3</GroupSizes>
    <GroupSeparator>,</GroupSeparator>
    <PositivePattern>0</PositivePattern>
    <ListPriority>1</ListPriority>
    <Status>A</Status>
    <SupportDecimal>true</SupportDecimal>
  </Table>
  <Table>
    <CountryCode>IND</CountryCode>
    <CompanyCode>1003</CompanyCode>
    <CurrencyCode>INR  </CurrencyCode>
    <IsDefault>Y</IsDefault>
    <CurrencyName>Indian Rupee</CurrencyName>
    <ExtraUnit />
    <Symbol>Rs.</Symbol>
    <DecimalDigits>0</DecimalDigits>
    <DecimalSeparator>.</DecimalSeparator>
    <GroupSizes>3</GroupSizes>
    <GroupSeparator>,</GroupSeparator>
    <PositivePattern>2</PositivePattern>
    <ListPriority>1</ListPriority>
    <Status>A</Status>
    <SupportDecimal>false</SupportDecimal>
  </Table>
  <Table>
    <CountryCode>IND</CountryCode>
    <CompanyCode>1003</CompanyCode>
    <CurrencyCode>USD  </CurrencyCode>
    <IsDefault xml:space="preserve"> </IsDefault>
    <CurrencyName>US Dollar</CurrencyName>
    <ExtraUnit />
    <Symbol>$</Symbol>
    <DecimalDigits>2</DecimalDigits>
    <DecimalSeparator>.</DecimalSeparator>
    <GroupSizes>3</GroupSizes>
    <GroupSeparator>,</GroupSeparator>
    <PositivePattern>0</PositivePattern>
    <ListPriority>2</ListPriority>
    <Status>A</Status>
    <SupportDecimal>true</SupportDecimal>
  </Table>
  <Table>
    <CountryCode>IRL</CountryCode>
    <CompanyCode>1003</CompanyCode>
    <CurrencyCode>EUR  </CurrencyCode>
    <IsDefault>Y</IsDefault>
    <CurrencyName>Euro</CurrencyName>
    <ExtraUnit />
    <Symbol>€</Symbol>
    <DecimalDigits>2</DecimalDigits>
    <DecimalSeparator>,</DecimalSeparator>
    <GroupSizes>3</GroupSizes>
    <GroupSeparator>.</GroupSeparator>
    <PositivePattern>0</PositivePattern>
    <ListPriority>1</ListPriority>
    <Status>A</Status>
    <SupportDecimal>true</SupportDecimal>
  </Table>
  <Table>
    <CountryCode>IRL</CountryCode>
    <CompanyCode>1003</CompanyCode>
    <CurrencyCode>USD  </CurrencyCode>
    <IsDefault xml:space="preserve"> </IsDefault>
    <CurrencyName>US Dollar</CurrencyName>
    <ExtraUnit />
    <Symbol>$</Symbol>
    <DecimalDigits>2</DecimalDigits>
    <DecimalSeparator>.</DecimalSeparator>
    <GroupSizes>3</GroupSizes>
    <GroupSeparator>,</GroupSeparator>
    <PositivePattern>0</PositivePattern>
    <ListPriority>2</ListPriority>
    <Status>A</Status>
    <SupportDecimal>true</SupportDecimal>
  </Table>
  <Table>
    <CountryCode>NLD</CountryCode>
    <CompanyCode>1003</CompanyCode>
    <CurrencyCode>EUR  </CurrencyCode>
    <IsDefault>Y</IsDefault>
    <CurrencyName>Euro</CurrencyName>
    <ExtraUnit />
    <Symbol>€</Symbol>
    <DecimalDigits>2</DecimalDigits>
    <DecimalSeparator>,</DecimalSeparator>
    <GroupSizes>3</GroupSizes>
    <GroupSeparator>.</GroupSeparator>
    <PositivePattern>0</PositivePattern>
    <ListPriority>1</ListPriority>
    <Status>A</Status>
    <SupportDecimal>true</SupportDecimal>
  </Table>
  <Table>
    <CountryCode>NLD</CountryCode>
    <CompanyCode>1003</CompanyCode>
    <CurrencyCode>USD  </CurrencyCode>
    <IsDefault xml:space="preserve"> </IsDefault>
    <CurrencyName>US Dollar</CurrencyName>
    <ExtraUnit />
    <Symbol>$</Symbol>
    <DecimalDigits>2</DecimalDigits>
    <DecimalSeparator>.</DecimalSeparator>
    <GroupSizes>3</GroupSizes>
    <GroupSeparator>,</GroupSeparator>
    <PositivePattern>0</PositivePattern>
    <ListPriority>2</ListPriority>
    <Status>A</Status>
    <SupportDecimal>true</SupportDecimal>
  </Table>
  <Table>
    <CountryCode>NZL</CountryCode>
    <CompanyCode>1003</CompanyCode>
    <CurrencyCode>NZD  </CurrencyCode>
    <IsDefault>Y</IsDefault>
    <CurrencyName>New Zealand Dollar</CurrencyName>
    <ExtraUnit>NZ </ExtraUnit>
    <Symbol>$</Symbol>
    <DecimalDigits>2</DecimalDigits>
    <DecimalSeparator>.</DecimalSeparator>
    <GroupSizes>3</GroupSizes>
    <GroupSeparator>,</GroupSeparator>
    <PositivePattern>0</PositivePattern>
    <ListPriority>1</ListPriority>
    <Status>A</Status>
    <SupportDecimal>true</SupportDecimal>
  </Table>
  <Table>
    <CountryCode>NZL</CountryCode>
    <CompanyCode>1003</CompanyCode>
    <CurrencyCode>USD  </CurrencyCode>
    <IsDefault xml:space="preserve"> </IsDefault>
    <CurrencyName>US Dollar</CurrencyName>
    <ExtraUnit />
    <Symbol>$</Symbol>
    <DecimalDigits>2</DecimalDigits>
    <DecimalSeparator>.</DecimalSeparator>
    <GroupSizes>3</GroupSizes>
    <GroupSeparator>,</GroupSeparator>
    <PositivePattern>0</PositivePattern>
    <ListPriority>2</ListPriority>
    <Status>A</Status>
    <SupportDecimal>true</SupportDecimal>
  </Table>
  <Table>
    <CountryCode>POL</CountryCode>
    <CompanyCode>1003</CompanyCode>
    <CurrencyCode>PLN  </CurrencyCode>
    <IsDefault>Y</IsDefault>
    <CurrencyName>Polish zloty</CurrencyName>
    <ExtraUnit />
    <Symbol>zł</Symbol>
    <DecimalDigits>2</DecimalDigits>
    <DecimalSeparator>,</DecimalSeparator>
    <GroupSizes>3</GroupSizes>
    <GroupSeparator xml:space="preserve"> </GroupSeparator>
    <PositivePattern>3</PositivePattern>
    <ListPriority>1</ListPriority>
    <Status>A</Status>
    <SupportDecimal>true</SupportDecimal>
  </Table>
  <Table>
    <CountryCode>POL</CountryCode>
    <CompanyCode>1003</CompanyCode>
    <CurrencyCode>USD  </CurrencyCode>
    <IsDefault xml:space="preserve"> </IsDefault>
    <CurrencyName>US Dollar</CurrencyName>
    <ExtraUnit />
    <Symbol>$</Symbol>
    <DecimalDigits>2</DecimalDigits>
    <DecimalSeparator>.</DecimalSeparator>
    <GroupSizes>3</GroupSizes>
    <GroupSeparator>,</GroupSeparator>
    <PositivePattern>0</PositivePattern>
    <ListPriority>2</ListPriority>
    <Status>A</Status>
    <SupportDecimal>true</SupportDecimal>
  </Table>
  <Table>
    <CountryCode>SGP</CountryCode>
    <CompanyCode>1003</CompanyCode>
    <CurrencyCode>SGD  </CurrencyCode>
    <IsDefault>Y</IsDefault>
    <CurrencyName>Singapore Dollar</CurrencyName>
    <ExtraUnit>S</ExtraUnit>
    <Symbol>$</Symbol>
    <DecimalDigits>2</DecimalDigits>
    <DecimalSeparator>.</DecimalSeparator>
    <GroupSizes>3</GroupSizes>
    <GroupSeparator>,</GroupSeparator>
    <PositivePattern>0</PositivePattern>
    <ListPriority>1</ListPriority>
    <Status>A</Status>
    <SupportDecimal>true</SupportDecimal>
  </Table>
  <Table>
    <CountryCode>SGP</CountryCode>
    <CompanyCode>1003</CompanyCode>
    <CurrencyCode>USD  </CurrencyCode>
    <IsDefault xml:space="preserve"> </IsDefault>
    <CurrencyName>US Dollar</CurrencyName>
    <ExtraUnit />
    <Symbol>$</Symbol>
    <DecimalDigits>2</DecimalDigits>
    <DecimalSeparator>.</DecimalSeparator>
    <GroupSizes>3</GroupSizes>
    <GroupSeparator>,</GroupSeparator>
    <PositivePattern>0</PositivePattern>
    <ListPriority>2</ListPriority>
    <Status>A</Status>
    <SupportDecimal>true</SupportDecimal>
  </Table>
  <Table>
    <CountryCode>CHN</CountryCode>
    <CompanyCode>1003</CompanyCode>
    <CurrencyCode>CNY  </CurrencyCode>
    <IsDefault>Y</IsDefault>
    <CurrencyName>Renminbi</CurrencyName>
    <ExtraUnit>CN</ExtraUnit>
    <Symbol>¥</Symbol>
    <DecimalDigits>2</DecimalDigits>
    <DecimalSeparator>.</DecimalSeparator>
    <GroupSizes>3</GroupSizes>
    <GroupSeparator>,</GroupSeparator>
    <PositivePattern>0</PositivePattern>
    <ListPriority>1</ListPriority>
    <Status>A</Status>
    <SupportDecimal>true</SupportDecimal>
  </Table>
  <Table>
    <CountryCode>CHN</CountryCode>
    <CompanyCode>1003</CompanyCode>
    <CurrencyCode>USD  </CurrencyCode>
    <IsDefault xml:space="preserve"> </IsDefault>
    <CurrencyName>US Dollar</CurrencyName>
    <ExtraUnit />
    <Symbol>$</Symbol>
    <DecimalDigits>2</DecimalDigits>
    <DecimalSeparator>.</DecimalSeparator>
    <GroupSizes>3</GroupSizes>
    <GroupSeparator>,</GroupSeparator>
    <PositivePattern>0</PositivePattern>
    <ListPriority>2</ListPriority>
    <Status>A</Status>
    <SupportDecimal>true</SupportDecimal>
  </Table>
  <Table>
    <CountryCode>TWN</CountryCode>
    <CompanyCode>1003</CompanyCode>
    <CurrencyCode>TWD  </CurrencyCode>
    <IsDefault>Y</IsDefault>
    <CurrencyName>Taiwan Dollar</CurrencyName>
    <ExtraUnit>NT</ExtraUnit>
    <Symbol>$</Symbol>
    <DecimalDigits>0</DecimalDigits>
    <DecimalSeparator>.</DecimalSeparator>
    <GroupSizes>3</GroupSizes>
    <GroupSeparator>,</GroupSeparator>
    <PositivePattern>0</PositivePattern>
    <ListPriority>1</ListPriority>
    <Status>A</Status>
    <SupportDecimal>false</SupportDecimal>
  </Table>
  <Table>
    <CountryCode>TWN</CountryCode>
    <CompanyCode>1003</CompanyCode>
    <CurrencyCode>USD  </CurrencyCode>
    <IsDefault xml:space="preserve"> </IsDefault>
    <CurrencyName>US Dollar</CurrencyName>
    <ExtraUnit />
    <Symbol>$</Symbol>
    <DecimalDigits>2</DecimalDigits>
    <DecimalSeparator>.</DecimalSeparator>
    <GroupSizes>3</GroupSizes>
    <GroupSeparator>,</GroupSeparator>
    <PositivePattern>0</PositivePattern>
    <ListPriority>2</ListPriority>
    <Status>A</Status>
    <SupportDecimal>true</SupportDecimal>
  </Table>
</NewDataSet>