<?xml version="1.0" standalone="yes"?>
<NewDataSet>
  <xs:schema id="NewDataSet" xmlns="" xmlns:xs="http://www.w3.org/2001/XMLSchema" xmlns:msdata="urn:schemas-microsoft-com:xml-msdata">
    <xs:element name="NewDataSet" msdata:IsDataSet="true" msdata:Locale="">
      <xs:complexType>
        <xs:choice minOccurs="0" maxOccurs="unbounded">
          <xs:element name="Table">
            <xs:complexType>
              <xs:sequence>
                <xs:element name="TransactionNumber" type="xs:int" minOccurs="0" />
                <xs:element name="IPIntegerFrom" type="xs:long" minOccurs="0" />
                <xs:element name="IPIntegerTo" type="xs:long" minOccurs="0" />
                <xs:element name="IPFrom" type="xs:string" minOccurs="0" />
                <xs:element name="IPTo" type="xs:string" minOccurs="0" />
                <xs:element name="Status" type="xs:string" minOccurs="0" />
                <xs:element name="InDate" type="xs:dateTime" minOccurs="0" />
                <xs:element name="InUser" type="xs:string" minOccurs="0" />
                <xs:element name="Memo" type="xs:string" minOccurs="0" />
              </xs:sequence>
            </xs:complexType>
          </xs:element>
        </xs:choice>
      </xs:complexType>
    </xs:element>
  </xs:schema>
  <Table>
    <TransactionNumber>51</TransactionNumber>
    <IPIntegerFrom>168842567</IPIntegerFrom>
    <IPIntegerTo>168842576</IPIntegerTo>
    <IPFrom>10.16.85.71</IPFrom>
    <IPTo>10.16.85.80</IPTo>
    <Status>A</Status>
    <InDate>2014-04-17T09:19:27.377+08:00</InDate>
    <InUser>su11</InUser>
    <Memo />
  </Table>
  <Table>
    <TransactionNumber>52</TransactionNumber>
    <IPIntegerFrom>168842567</IPIntegerFrom>
    <IPIntegerTo>168842576</IPIntegerTo>
    <IPFrom>10.16.85.71</IPFrom>
    <IPTo>10.16.85.80</IPTo>
    <Status>A</Status>
    <InDate>2014-04-17T10:53:38.02+08:00</InDate>
    <InUser>su11</InUser>
    <Memo />
  </Table>
</NewDataSet>