<?xml version="1.0"?>
<doc>
    <assembly>
        <name>Newegg.OrderManagement.Order.Business.Interfaces</name>
    </assembly>
    <members>
        <member name="T:Newegg.OrderManagement.Order.Business.Interfaces.CancelOrderReason">
            <summary>
            Cancel order reason.
            </summary>
        </member>
        <member name="P:Newegg.OrderManagement.Order.Business.Interfaces.CancelOrderReason.Code">
            <summary>
            Gets or sets code.
            </summary>
        </member>
        <member name="P:Newegg.OrderManagement.Order.Business.Interfaces.CancelOrderReason.Description">
            <summary>
            Gets or sets description.
            </summary>
        </member>
        <member name="T:Newegg.OrderManagement.Order.Business.Interfaces.AddressInfo">
            <summary>
            Customer shipping information.
            </summary>
        </member>
        <member name="P:Newegg.OrderManagement.Order.Business.Interfaces.AddressInfo.Contact">
            <summary>
            Gets or sets Contact.
            </summary>
        </member>
        <member name="P:Newegg.OrderManagement.Order.Business.Interfaces.AddressInfo.Company">
            <summary>
            Gets or sets company.
            </summary>
        </member>
        <member name="P:Newegg.OrderManagement.Order.Business.Interfaces.AddressInfo.Address1">
            <summary>
            Gets or sets address1.
            </summary>
        </member>
        <member name="P:Newegg.OrderManagement.Order.Business.Interfaces.AddressInfo.Address2">
            <summary>
            Gets or sets address2.
            </summary>
        </member>
        <member name="P:Newegg.OrderManagement.Order.Business.Interfaces.AddressInfo.City">
            <summary>
            Gets or sets city.
            </summary>
        </member>
        <member name="P:Newegg.OrderManagement.Order.Business.Interfaces.AddressInfo.State">
            <summary>
            Gets or sets state.
            </summary>
        </member>
        <member name="P:Newegg.OrderManagement.Order.Business.Interfaces.AddressInfo.Zipcode">
            <summary>
            Gets or sets zipcode.
            </summary>
        </member>
        <member name="P:Newegg.OrderManagement.Order.Business.Interfaces.AddressInfo.Phone">
            <summary>
            Gets or sets phone.
            </summary>
        </member>
        <member name="T:Newegg.OrderManagement.Order.Business.Interfaces.Warranty">
            <summary>
            GC Warranty information.
            </summary>
        </member>
        <member name="P:Newegg.OrderManagement.Order.Business.Interfaces.Warranty.HistoryID">
            <summary>
            Gets or sets warranty history id.
            </summary>
        </member>
        <member name="P:Newegg.OrderManagement.Order.Business.Interfaces.Warranty.ID">
            <summary>
            Gets or sets warranty id.
            </summary>
        </member>
        <member name="P:Newegg.OrderManagement.Order.Business.Interfaces.Warranty.Name">
            <summary>
            Gets or sets warranty name.
            </summary>
        </member>
        <member name="P:Newegg.OrderManagement.Order.Business.Interfaces.Warranty.Detail">
            <summary>
            Gets or sets warranty detail.
            </summary>
        </member>
        <member name="P:Newegg.OrderManagement.Order.Business.Interfaces.Warranty.WarrantySummary">
            <summary>
            Gets or sets WarrantySummary.
            </summary>
        </member>
        <member name="T:Newegg.OrderManagement.Order.Business.Interfaces.GCInfo">
            <summary>
            GC shipping information.
            </summary>
        </member>
        <member name="F:Newegg.OrderManagement.Order.Business.Interfaces.GCInfo.myGCDeliveryDate">
            <summary>
            Field of GC delivery date.
            </summary>
        </member>
        <member name="P:Newegg.OrderManagement.Order.Business.Interfaces.GCInfo.StyleID">
            <summary>
            Gets or sets items.
            </summary>
        </member>
        <member name="P:Newegg.OrderManagement.Order.Business.Interfaces.GCInfo.EmailDvGCTheme">
            <summary>
            Gets or sets items.
            </summary>
        </member>
        <member name="P:Newegg.OrderManagement.Order.Business.Interfaces.GCInfo.FromName">
            <summary>
            Gets or sets items.
            </summary>
        </member>
        <member name="P:Newegg.OrderManagement.Order.Business.Interfaces.GCInfo.ToName">
            <summary>
            Gets or sets GCToName.
            </summary>
        </member>
        <member name="P:Newegg.OrderManagement.Order.Business.Interfaces.GCInfo.ReceiptEmail">
            <summary>
            Gets or sets GCReceiptEmail.
            </summary>
        </member>
        <member name="P:Newegg.OrderManagement.Order.Business.Interfaces.GCInfo.DeliveryDate">
            <summary>
            Gets or sets GCDeliveryDate.
            </summary>
        </member>
        <member name="P:Newegg.OrderManagement.Order.Business.Interfaces.GCInfo.CanEdit">
            <summary>
            Gets or sets a value indicating whether CanEtidGC.
            </summary>
        </member>
        <member name="P:Newegg.OrderManagement.Order.Business.Interfaces.GCInfo.GCAmount">
            <summary>
            Gets or sets a value GCAmount.
            </summary>
        </member>
        <member name="T:Newegg.OrderManagement.Order.Business.Interfaces.IOrderBusiness">
            <summary>
            Order business interface.
            </summary>
        </member>
        <member name="M:Newegg.OrderManagement.Order.Business.Interfaces.IOrderBusiness.GetOrderDistribution(System.Int32)">
            <summary>
            Get order distribution by customer number.
            </summary>
            <param name="customerNumber">Parameter of customer number.</param>
            <returns>Array of years.</returns>
        </member>
        <member name="M:Newegg.OrderManagement.Order.Business.Interfaces.IOrderBusiness.GetOrdersSummary(Newegg.OrderManagement.Order.Business.Interfaces.OrderSummaryRequest)">
            <summary>
            Get orders summary.
            </summary>
            <param name="request">Parameter of request.</param>
            <returns>Order summary response.</returns>
        </member>
        <member name="M:Newegg.OrderManagement.Order.Business.Interfaces.IOrderBusiness.GetOrdersSummarySpecail(Newegg.OrderManagement.Order.Business.Interfaces.OrderSummaryRequest)">
            <summary>
            Get orders summary Specail.
            </summary>
            <param name="request">Parameter of request.</param>
            <returns>Order summary response.</returns>
        </member>
        <member name="M:Newegg.OrderManagement.Order.Business.Interfaces.IOrderBusiness.GetSaleorderDetail(System.Int32,System.Int32,System.DateTime)">
            <summary>
            Get sale order detail.
            </summary>
            <param name="customerNumber">Parameter of customer number.</param>
            <param name="saleorderNumber">Parameter of sale order number.</param>
            <param name="date">Parameter of date.</param>
            <returns>Order detail information.</returns>
        </member>
        <member name="M:Newegg.OrderManagement.Order.Business.Interfaces.IOrderBusiness.GetInvoiceDetail(System.Int32,System.Int32,System.DateTime)">
            <summary>
            Get invoice detail.
            </summary>
            <param name="customerNumber">Parameter of customer number.</param>
            <param name="invoiceNumber">Parameter of invoice number.</param>
            <param name="date">Parameter of date.</param>
            <returns>Invoice information.</returns>
        </member>
        <member name="M:Newegg.OrderManagement.Order.Business.Interfaces.IOrderBusiness.GetPreorderDetail(System.Int32,System.Int32,System.DateTime)">
            <summary>
            Get pre-order detail.
            </summary>
            <param name="customerNumber">Parameter of customer number.</param>
            <param name="preorderNumber">Parameter of pre-order number.</param>
            <param name="date">Parameter of date.</param>
            <returns>Pre-order information.</returns>
        </member>
        <member name="M:Newegg.OrderManagement.Order.Business.Interfaces.IOrderBusiness.GetRMAAvailableDistribution(System.Int32)">
            <summary>
            Get RMA available order distribution by customer number.
            </summary>
            <param name="customerNumber">Parameter of customer number.</param>
            <returns>Array of years.</returns>
        </member>
        <member name="M:Newegg.OrderManagement.Order.Business.Interfaces.IOrderBusiness.GetRmaAvailableOrdersSummary(Newegg.OrderManagement.Order.Business.Interfaces.OrderSummaryRequest)">
            <summary>
            Get RMA available orders summary.
            </summary>
            <param name="request">Parameter of request.</param>
            <returns>RMA available orders summary response.</returns>
        </member>
        <member name="M:Newegg.OrderManagement.Order.Business.Interfaces.IOrderBusiness.GetRMADistribution(System.Int32)">
            <summary>
            Get RMA distribution by customer number.
            </summary>
            <param name="customerNumber">Parameter of customer number.</param>
            <returns>Array of years.</returns>
        </member>
        <member name="M:Newegg.OrderManagement.Order.Business.Interfaces.IOrderBusiness.GetRmasSummary(Newegg.OrderManagement.Order.Business.Interfaces.RmaSummaryRequest)">
            <summary>
            Get RMAs summary.
            </summary>
            <param name="request">Parameter of request.</param>
            <returns>RMAs summary.</returns>
        </member>
        <member name="M:Newegg.OrderManagement.Order.Business.Interfaces.IOrderBusiness.GetRmaDetail(System.Int32,System.Int32,System.DateTime)">
            <summary>
            Get RMA Detail.
            </summary>
            <param name="customerNumber">Parameter of customer number.</param>
            <param name="rmaNumber">Parameter of RMA number.</param>
            <param name="date">Parameter of date.</param>
            <returns>RMA detail information.</returns>
        </member>
        <member name="M:Newegg.OrderManagement.Order.Business.Interfaces.IOrderBusiness.CheckIsEggxpertReview(System.Int32,System.String)">
            <summary>
            Check Is Can EggxpertReview.
            </summary>
            <param name="customerNumber">Parameter of customer number.</param>
            <param name="itemNumber">Parameter of itemNumber.</param>
            <returns>Check Result if need set eggxpert.</returns>
        </member>
        <member name="M:Newegg.OrderManagement.Order.Business.Interfaces.IOrderBusiness.GetCancelOrderReasons">
            <summary>
            Get cancel order reasons.
            </summary>
            <returns>Array of cancel order reason.</returns>
        </member>
        <member name="T:Newegg.OrderManagement.Order.Business.Interfaces.ItemBasic">
            <summary>
            Item basic information.
            </summary>
        </member>
        <member name="P:Newegg.OrderManagement.Order.Business.Interfaces.ItemBasic.HasScene7Image">
            <summary>
            Gets or sets a value indicating whether item has scene7 image.
            </summary>
        </member>
        <member name="P:Newegg.OrderManagement.Order.Business.Interfaces.ItemBasic.ItemProperty">
            <summary>
            Gets or sets item property.
            </summary>
        </member>
        <member name="P:Newegg.OrderManagement.Order.Business.Interfaces.ItemBasic.ImageHasWaterMark">
            <summary>
            Gets or sets a value indicating whether item image has water mark.
            </summary>
        </member>
        <member name="P:Newegg.OrderManagement.Order.Business.Interfaces.ItemBasic.ImageName">
            <summary>
            Gets or sets image name.
            </summary>
        </member>
        <member name="P:Newegg.OrderManagement.Order.Business.Interfaces.ItemBasic.IsNewProduct">
            <summary>
            Gets or sets a value indicating whether newproductmark.
            </summary>
        </member>
        <member name="P:Newegg.OrderManagement.Order.Business.Interfaces.ItemBasic.ThumbnailSetName">
            <summary>
            Gets or sets thumbnail set name.
            </summary>
        </member>
        <member name="P:Newegg.OrderManagement.Order.Business.Interfaces.ItemBasic.SpecialImageList">
            <summary>
            Gets or sets special image list.
            </summary>
        </member>
        <member name="P:Newegg.OrderManagement.Order.Business.Interfaces.ItemBasic.SellerId">
            <summary>
            Gets or sets seller id.
            </summary>
        </member>
        <member name="P:Newegg.OrderManagement.Order.Business.Interfaces.ItemBasic.SellerName">
            <summary>
            Gets or sets seller name.
            </summary>
        </member>
        <member name="P:Newegg.OrderManagement.Order.Business.Interfaces.ItemBasic.WebDescription">
            <summary>
            Gets or sets linedescription.
            </summary>
        </member>
        <member name="P:Newegg.OrderManagement.Order.Business.Interfaces.ItemBasic.Bundle">
            <summary>
            Gets or sets a value indicating whether item is bundle.
            </summary>
        </member>
        <member name="P:Newegg.OrderManagement.Order.Business.Interfaces.ItemBasic.IsOEM">
            <summary>
            Gets or sets a value indicating whether item is a OEM item.
            </summary>
        </member>
        <member name="P:Newegg.OrderManagement.Order.Business.Interfaces.ItemBasic.ShowOEM_Retail">
            <summary>
            Gets or sets a value indicating whether item is ShowOEM_Retail.
            </summary>
        </member>
        <member name="P:Newegg.OrderManagement.Order.Business.Interfaces.ItemBasic.ItemCatalog">
            <summary>
            Gets or sets item catalog.
            </summary>
        </member>
        <member name="P:Newegg.OrderManagement.Order.Business.Interfaces.ItemBasic.IsActive">
            <summary>
            Gets or sets a value indicating whether item is active.
            </summary>
        </member>
        <member name="P:Newegg.OrderManagement.Order.Business.Interfaces.ItemBasic.IsWebsiteBlocked">
            <summary>
            Gets or sets a value indicating whether item is blocked at webstie.
            </summary>
        </member>
        <member name="P:Newegg.OrderManagement.Order.Business.Interfaces.ItemBasic.Stock">
            <summary>
            Gets or sets stock.
            </summary>
        </member>
        <member name="P:Newegg.OrderManagement.Order.Business.Interfaces.ItemBasic.MSDownLoadSoftwareFlag">
            <summary>
            Gets or sets MSDownLoadSoftWareFlag.
            </summary>
        </member>
        <member name="T:Newegg.OrderManagement.Order.Business.Interfaces.ItemDetail">
            <summary>
            Item detail information.
            </summary>
        </member>
        <member name="P:Newegg.OrderManagement.Order.Business.Interfaces.ItemDetail.UnitPrice">
            <summary>
            Gets or sets item unit price.
            </summary>
        </member>
        <member name="P:Newegg.OrderManagement.Order.Business.Interfaces.ItemDetail.GCAmount">
            <summary>
            Gets or sets item GCAmount.
            </summary>
        </member>
        <member name="P:Newegg.OrderManagement.Order.Business.Interfaces.ItemDetail.ExtendPrice">
            <summary>
            Gets or sets item extend price.
            </summary>
        </member>
        <member name="P:Newegg.OrderManagement.Order.Business.Interfaces.ItemDetail.Quantity">
            <summary>
            Gets or sets item quantity.
            </summary>
        </member>
        <member name="P:Newegg.OrderManagement.Order.Business.Interfaces.ItemDetail.CanAddToCart">
            <summary>
            Gets or sets a value indicating whether item can add to cart.
            </summary>
        </member>
        <member name="P:Newegg.OrderManagement.Order.Business.Interfaces.ItemDetail.IsVF">
            <summary>
            Gets or sets a value indicating whether item can add to cart.
            </summary>
        </member>
        <member name="P:Newegg.OrderManagement.Order.Business.Interfaces.ItemDetail.WarrantyName">
            <summary>
            Gets or sets warranty name.
            </summary>
        </member>
        <member name="P:Newegg.OrderManagement.Order.Business.Interfaces.ItemDetail.WarrantyNote">
            <summary>
            Gets or sets warranty note.
            </summary>
        </member>
        <member name="P:Newegg.OrderManagement.Order.Business.Interfaces.ItemDetail.WarrantyDetail">
            <summary>
            Gets or sets warranty detail.
            </summary>
        </member>
        <member name="P:Newegg.OrderManagement.Order.Business.Interfaces.ItemDetail.ItemBasic">
            <summary>
            Gets or sets item basic.
            </summary>
        </member>
        <member name="P:Newegg.OrderManagement.Order.Business.Interfaces.ItemDetail.ItemNumber">
            <summary>
            Gets or sets item number.
            </summary>
        </member>
        <member name="P:Newegg.OrderManagement.Order.Business.Interfaces.ItemDetail.ExtendWarrantyDays">
            <summary>
            Gets or sets ExtendWarrantyDays.
            </summary>
        </member>
        <member name="P:Newegg.OrderManagement.Order.Business.Interfaces.ItemDetail.MailRebates">
            <summary>
            Gets or sets mail rebates.
            </summary>
        </member>
        <member name="P:Newegg.OrderManagement.Order.Business.Interfaces.ItemDetail.WHState">
            <summary>
            Gets or sets WHState.
            </summary>
        </member>
        <member name="P:Newegg.OrderManagement.Order.Business.Interfaces.ItemDetail.WHCountry">
            <summary>
            Gets or sets WHCountry.
            </summary>
        </member>
        <member name="P:Newegg.OrderManagement.Order.Business.Interfaces.ItemDetail.Description">
            <summary>
            Gets or sets description from tran.
            </summary>
        </member>
        <member name="P:Newegg.OrderManagement.Order.Business.Interfaces.ItemDetail.ShippingCharge">
            <summary>
            Gets or sets shippingcharge from tran.
            </summary>
        </member>
        <member name="P:Newegg.OrderManagement.Order.Business.Interfaces.ItemDetail.GroupID">
            <summary>
            Gets or sets GroupID.
            </summary>
        </member>
        <member name="T:Newegg.OrderManagement.Order.Business.Interfaces.ItemSummary">
            <summary>
            Item detail information.
            </summary>
        </member>
        <member name="F:Newegg.OrderManagement.Order.Business.Interfaces.ItemSummary.myReviewDate">
            <summary>
            Field of review date.
            </summary>
        </member>
        <member name="P:Newegg.OrderManagement.Order.Business.Interfaces.ItemSummary.Rate">
            <summary>
            Gets or sets item rate.
            </summary>
        </member>
        <member name="P:Newegg.OrderManagement.Order.Business.Interfaces.ItemSummary.ReviewDate">
            <summary>
            Gets or sets review date.
            </summary>
        </member>
        <member name="P:Newegg.OrderManagement.Order.Business.Interfaces.ItemSummary.ItemNumber">
            <summary>
            Gets or sets item number.
            </summary>
        </member>
        <member name="P:Newegg.OrderManagement.Order.Business.Interfaces.ItemSummary.UnitPrice">
            <summary>
            Gets or sets unit price.
            </summary>
        </member>
        <member name="P:Newegg.OrderManagement.Order.Business.Interfaces.ItemSummary.ExtendPrice">
            <summary>
            Gets or sets extend price.
            </summary>
        </member>
        <member name="P:Newegg.OrderManagement.Order.Business.Interfaces.ItemSummary.Quantity">
            <summary>
            Gets or sets qantity.
            </summary>
        </member>
        <member name="P:Newegg.OrderManagement.Order.Business.Interfaces.ItemSummary.CanBuyWarranty">
            <summary>
            Gets or sets a value indicating whether item can buy warranty.
            </summary>
        </member>
        <member name="P:Newegg.OrderManagement.Order.Business.Interfaces.ItemSummary.ItemNumberForWriteReview">
            <summary>
            Gets or sets itemnumber for write review.
            </summary>
        </member>
        <member name="P:Newegg.OrderManagement.Order.Business.Interfaces.ItemSummary.GCAmount">
            <summary>
            Gets or sets gc amount.
            </summary>
        </member>
        <member name="P:Newegg.OrderManagement.Order.Business.Interfaces.ItemSummary.ItemBasic">
            <summary>
            Gets or sets item basic.
            </summary>
        </member>
        <member name="P:Newegg.OrderManagement.Order.Business.Interfaces.ItemSummary.Description">
            <summary>
            Gets or sets item description.
            for com / note / ds / snet / ewra.
            </summary>
        </member>
        <member name="P:Newegg.OrderManagement.Order.Business.Interfaces.ItemSummary.MailRebates">
            <summary>
            Gets or sets mail rebates.
            </summary>
        </member>
        <member name="P:Newegg.OrderManagement.Order.Business.Interfaces.ItemSummary.Tokens">
            <summary>
            Gets or sets Tokens for ms.
            </summary>
        </member>
        <member name="P:Newegg.OrderManagement.Order.Business.Interfaces.ItemSummary.PartNumber">
            <summary>
            Gets or sets PartNumber for ms.
            </summary>
        </member>
        <member name="T:Newegg.OrderManagement.Order.Business.Interfaces.MailRebate">
            <summary>
            Mailrebate information.
            </summary>
        </member>
        <member name="P:Newegg.OrderManagement.Order.Business.Interfaces.MailRebate.Amount">
            <summary>
            Gets or sets item mail rebate amount.
            </summary>
        </member>
        <member name="P:Newegg.OrderManagement.Order.Business.Interfaces.MailRebate.Description">
            <summary>
            Gets or sets item mail rebate description.
            </summary>
        </member>
        <member name="P:Newegg.OrderManagement.Order.Business.Interfaces.MailRebate.CurrencyCode">
            <summary>
            Gets or sets currency code.
            </summary>
        </member>
        <member name="P:Newegg.OrderManagement.Order.Business.Interfaces.MailRebate.Type">
            <summary>
            Gets or sets mail rebate type.
            </summary>
        </member>
        <member name="P:Newegg.OrderManagement.Order.Business.Interfaces.MailRebate.CardTag">
            <summary>
            Gets or sets mail rebate card tag.
            </summary>
        </member>
        <member name="T:Newegg.OrderManagement.Order.Business.Interfaces.OrderDetail">
            <summary>
            Order detail information.
            </summary>
        </member>
        <member name="F:Newegg.OrderManagement.Order.Business.Interfaces.OrderDetail.myOrderDate">
            <summary>
            Field or my myOrderDate.
            </summary>
        </member>
        <member name="F:Newegg.OrderManagement.Order.Business.Interfaces.OrderDetail.mySellerReviewDate">
            <summary>
            Field of seller review date.
            </summary>
        </member>
        <member name="P:Newegg.OrderManagement.Order.Business.Interfaces.OrderDetail.BillingInfo">
            <summary>
            Gets or sets billing info.
            </summary>
        </member>
        <member name="P:Newegg.OrderManagement.Order.Business.Interfaces.OrderDetail.Creditcard">
            <summary>
            Gets or sets credit card.
            </summary>
        </member>
        <member name="P:Newegg.OrderManagement.Order.Business.Interfaces.OrderDetail.CustomerShippingInfo">
            <summary>
            Gets or sets customer shipping information.
            </summary>
        </member>
        <member name="P:Newegg.OrderManagement.Order.Business.Interfaces.OrderDetail.EwraTotal">
            <summary>
            Gets or sets items.
            </summary>
        </member>
        <member name="P:Newegg.OrderManagement.Order.Business.Interfaces.OrderDetail.GCInfo">
            <summary>
            Gets or sets gc shipping information.
            </summary>
        </member>
        <member name="P:Newegg.OrderManagement.Order.Business.Interfaces.OrderDetail.GCTotal">
            <summary>
            Gets or sets items.
            </summary>
        </member>
        <member name="P:Newegg.OrderManagement.Order.Business.Interfaces.OrderDetail.GSTAmount">
            <summary>
            Gets or sets items.
            </summary>
        </member>
        <member name="P:Newegg.OrderManagement.Order.Business.Interfaces.OrderDetail.HandlingFee">
            <summary>
            Gets or sets items.
            </summary>
        </member>
        <member name="P:Newegg.OrderManagement.Order.Business.Interfaces.OrderDetail.HSTAmount">
            <summary>
            Gets or sets items.
            </summary>
        </member>
        <member name="P:Newegg.OrderManagement.Order.Business.Interfaces.OrderDetail.InvoiceNumber">
            <summary>
            Gets or sets invoice number.
            </summary>
        </member>
        <member name="P:Newegg.OrderManagement.Order.Business.Interfaces.OrderDetail.IsAdultSignatureRequired">
            <summary>
            Gets or sets a value indicating whether item is adult signature required.
            </summary>
        </member>
        <member name="P:Newegg.OrderManagement.Order.Business.Interfaces.OrderDetail.IsCharged">
            <summary>
            Gets or sets a value indicating whether is Charged money.
            </summary>
        </member>
        <member name="P:Newegg.OrderManagement.Order.Business.Interfaces.OrderDetail.IsShopRunnerLabelSO">
            <summary>
            Gets or sets a value indicating whether order is shop runner label so.
            </summary>
        </member>
        <member name="P:Newegg.OrderManagement.Order.Business.Interfaces.OrderDetail.IsShowShippingPromotionMessage">
            <summary>
            Gets or sets a value indicating whether order is show shipping promotion message.
            </summary>
        </member>
        <member name="P:Newegg.OrderManagement.Order.Business.Interfaces.OrderDetail.IsSignatureRequiredForPaypal">
            <summary>
            Gets or sets a value indicating whether IsSignatureRequiredForPaypal .
            </summary>
        </member>
        <member name="P:Newegg.OrderManagement.Order.Business.Interfaces.OrderDetail.Items">
            <summary>
            Gets or sets items.
            </summary>
        </member>
        <member name="P:Newegg.OrderManagement.Order.Business.Interfaces.OrderDetail.ItemTotal">
            <summary>
            Gets or sets items.
            </summary>
        </member>
        <member name="P:Newegg.OrderManagement.Order.Business.Interfaces.OrderDetail.NPADiscount">
            <summary>
            Gets or sets items.
            </summary>
        </member>
        <member name="P:Newegg.OrderManagement.Order.Business.Interfaces.OrderDetail.NPADiscountRate">
            <summary>
            Gets or sets items.
            </summary>
        </member>
        <member name="P:Newegg.OrderManagement.Order.Business.Interfaces.OrderDetail.OrderDate">
            <summary>
            Gets or sets order date.
            </summary>
        </member>
        <member name="P:Newegg.OrderManagement.Order.Business.Interfaces.OrderDetail.PaytermsCode">
            <summary>
            Gets or sets payterms code.
            </summary>
        </member>
        <member name="P:Newegg.OrderManagement.Order.Business.Interfaces.OrderDetail.PONumber">
            <summary>
            Gets or sets po number.
            </summary>
        </member>
        <member name="P:Newegg.OrderManagement.Order.Business.Interfaces.OrderDetail.PreSONumber">
            <summary>
            Gets or sets pre-so number.
            </summary>
        </member>
        <member name="P:Newegg.OrderManagement.Order.Business.Interfaces.OrderDetail.ProcessInfo">
            <summary>
            Gets or sets Process info.
            </summary>
        </member>
        <member name="P:Newegg.OrderManagement.Order.Business.Interfaces.OrderDetail.PromotionCodeDiscount">
            <summary>
            Gets or sets items.
            </summary>
        </member>
        <member name="P:Newegg.OrderManagement.Order.Business.Interfaces.OrderDetail.PSTAmount">
            <summary>
            Gets or sets items.
            </summary>
        </member>
        <member name="P:Newegg.OrderManagement.Order.Business.Interfaces.OrderDetail.PurchasingNote">
            <summary>
            Gets or sets purchasing note.
            </summary>
        </member>
        <member name="P:Newegg.OrderManagement.Order.Business.Interfaces.OrderDetail.RevenueOwnerCompanyCode">
            <summary>
            Gets or sets a value indicating whether order is shop runner label so.
            </summary>
        </member>
        <member name="P:Newegg.OrderManagement.Order.Business.Interfaces.OrderDetail.RushOrderFee">
            <summary>
            Gets or sets items.
            </summary>
        </member>
        <member name="P:Newegg.OrderManagement.Order.Business.Interfaces.OrderDetail.RushProcessingPA">
            <summary>
            Gets or sets items.
            </summary>
        </member>
        <member name="P:Newegg.OrderManagement.Order.Business.Interfaces.OrderDetail.SellerRate">
            <summary>
            Gets or sets seller rate.
            </summary>
        </member>
        <member name="P:Newegg.OrderManagement.Order.Business.Interfaces.OrderDetail.SellerReviewDate">
            <summary>
            Gets or sets seller review date.
            </summary>
        </member>
        <member name="P:Newegg.OrderManagement.Order.Business.Interfaces.OrderDetail.ShipDescrip">
            <summary>
            Gets or sets ShipDescrip.
            </summary>
        </member>
        <member name="P:Newegg.OrderManagement.Order.Business.Interfaces.OrderDetail.ShippingCharge">
            <summary>
            Gets or sets items.
            </summary>
        </member>
        <member name="P:Newegg.OrderManagement.Order.Business.Interfaces.OrderDetail.ShippingFrom">
            <summary>
            Gets or sets shipping from.
            </summary>
        </member>
        <member name="P:Newegg.OrderManagement.Order.Business.Interfaces.OrderDetail.ShippingViaCode">
            <summary>
            Gets or sets shipping via code.
            </summary>
        </member>
        <member name="P:Newegg.OrderManagement.Order.Business.Interfaces.OrderDetail.SOMemo">
            <summary>
            Gets or sets so memo.
            </summary>
        </member>
        <member name="P:Newegg.OrderManagement.Order.Business.Interfaces.OrderDetail.SONumber">
            <summary>
            Gets or sets so number.
            </summary>
        </member>
        <member name="P:Newegg.OrderManagement.Order.Business.Interfaces.OrderDetail.Status">
            <summary>
            Gets or sets status.
            </summary>
        </member>
        <member name="P:Newegg.OrderManagement.Order.Business.Interfaces.OrderDetail.StatusCode">
            <summary>
            Gets or sets status code.
            </summary>
        </member>
        <member name="P:Newegg.OrderManagement.Order.Business.Interfaces.OrderDetail.StatusShortDescription">
            <summary>
            Gets or sets status short description.
            </summary>
        </member>
        <member name="P:Newegg.OrderManagement.Order.Business.Interfaces.OrderDetail.Tax">
            <summary>
            Gets or sets items.
            </summary>
        </member>
        <member name="P:Newegg.OrderManagement.Order.Business.Interfaces.OrderDetail.Total">
            <summary>
            Gets or sets items.
            </summary>
        </member>
        <member name="P:Newegg.OrderManagement.Order.Business.Interfaces.OrderDetail.Warrantys">
            <summary>
            Gets or sets Warranty.
            </summary>
        </member>
        <member name="P:Newegg.OrderManagement.Order.Business.Interfaces.OrderDetail.WarrantyTotal">
            <summary>
            Gets or sets items.
            </summary>
        </member>
        <member name="P:Newegg.OrderManagement.Order.Business.Interfaces.OrderDetail.WillCallShippingInfo">
            <summary>
            Gets or sets will call shipping information.
            </summary>
        </member>
        <member name="T:Newegg.OrderManagement.Order.Business.Interfaces.OrderSummaryRequest">
            <summary>
            Orders summary request.
            </summary>
        </member>
        <member name="P:Newegg.OrderManagement.Order.Business.Interfaces.OrderSummaryRequest.CustomerNumber">
            <summary>
            Gets or sets customer number.
            </summary>
        </member>
        <member name="P:Newegg.OrderManagement.Order.Business.Interfaces.OrderSummaryRequest.TimeRegionStart">
            <summary>
            Gets or sets time start.
            </summary>
        </member>
        <member name="P:Newegg.OrderManagement.Order.Business.Interfaces.OrderSummaryRequest.SearchKey">
            <summary>
            Gets or sets search key.
            </summary>
        </member>
        <member name="P:Newegg.OrderManagement.Order.Business.Interfaces.OrderSummaryRequest.Pagesize">
            <summary>
            Gets or sets page size.
            </summary>
        </member>
        <member name="P:Newegg.OrderManagement.Order.Business.Interfaces.OrderSummaryRequest.PageIndex">
            <summary>
            Gets or sets page index.
            </summary>
        </member>
        <member name="P:Newegg.OrderManagement.Order.Business.Interfaces.OrderSummaryRequest.TimeRegionEnd">
            <summary>
            Gets or sets time region end.
            </summary>
        </member>
        <member name="P:Newegg.OrderManagement.Order.Business.Interfaces.OrderSummaryRequest.AddressID">
            <summary>
            Gets or sets AddressID.
            </summary>
        </member>
        <member name="T:Newegg.OrderManagement.Order.Business.Interfaces.OrderSummary">
            <summary>
            Orders summary.
            </summary>
        </member>
        <member name="F:Newegg.OrderManagement.Order.Business.Interfaces.OrderSummary.myOrderDate">
            <summary>
            Field of order date.
            </summary>
        </member>
        <member name="F:Newegg.OrderManagement.Order.Business.Interfaces.OrderSummary.myInvoiceDate">
            <summary>
            Field of invoice date.
            </summary>
        </member>
        <member name="F:Newegg.OrderManagement.Order.Business.Interfaces.OrderSummary.mySellerReviewDate">
            <summary>
            Field of seller review date.
            </summary>
        </member>
        <member name="P:Newegg.OrderManagement.Order.Business.Interfaces.OrderSummary.BillingState">
            <summary>
            Gets or sets billing state.
            </summary>
        </member>
        <member name="P:Newegg.OrderManagement.Order.Business.Interfaces.OrderSummary.CanCancel">
            <summary>
            Gets or sets a value indicating whether order can be canceled.
            </summary>
        </member>
        <member name="P:Newegg.OrderManagement.Order.Business.Interfaces.OrderSummary.CanRefund">
            <summary>
            Gets or sets a value indicating whether order can be refund.
            </summary>
        </member>
        <member name="P:Newegg.OrderManagement.Order.Business.Interfaces.OrderSummary.CanReplace">
            <summary>
            Gets or sets a value indicating whether order can be replaced.
            </summary>
        </member>
        <member name="P:Newegg.OrderManagement.Order.Business.Interfaces.OrderSummary.ContactWith">
            <summary>
            Gets or sets contact with. 
            </summary>
        </member>
        <member name="P:Newegg.OrderManagement.Order.Business.Interfaces.OrderSummary.GCInfo">
            <summary>
            Gets or sets gc shipping information.
            </summary>
        </member>
        <member name="P:Newegg.OrderManagement.Order.Business.Interfaces.OrderSummary.InvoiceDate">
            <summary>
            Gets or sets invoice date.
            </summary>
        </member>
        <member name="P:Newegg.OrderManagement.Order.Business.Interfaces.OrderSummary.InvoiceNumber">
            <summary>
            Gets or sets invoice number.
            </summary>
        </member>
        <member name="P:Newegg.OrderManagement.Order.Business.Interfaces.OrderSummary.IsShopRunner">
            <summary>
            Gets or sets a value indicating whether item is shop runner.
            </summary>
        </member>
        <member name="P:Newegg.OrderManagement.Order.Business.Interfaces.OrderSummary.Items">
            <summary>
            Gets or sets items.
            </summary>
        </member>
        <member name="P:Newegg.OrderManagement.Order.Business.Interfaces.OrderSummary.OrderDate">
            <summary>
            Gets or sets order date.
            </summary>
        </member>
        <member name="P:Newegg.OrderManagement.Order.Business.Interfaces.OrderSummary.PONumber">
            <summary>
            Gets or sets po number.
            </summary>
        </member>
        <member name="P:Newegg.OrderManagement.Order.Business.Interfaces.OrderSummary.PreSONumber">
            <summary>
            Gets or sets pre-so number.
            </summary>
        </member>
        <member name="P:Newegg.OrderManagement.Order.Business.Interfaces.OrderSummary.ProcessInfo">
            <summary>
            Gets or sets process info.
            </summary>
        </member>
        <member name="P:Newegg.OrderManagement.Order.Business.Interfaces.OrderSummary.SellerId">
            <summary>
            Gets or sets seller id.
            </summary>
        </member>
        <member name="P:Newegg.OrderManagement.Order.Business.Interfaces.OrderSummary.SellerName">
            <summary>
            Gets or sets seller name.
            </summary>
        </member>
        <member name="P:Newegg.OrderManagement.Order.Business.Interfaces.OrderSummary.SellerRate">
            <summary>
            Gets or sets seller rate.
            </summary>
        </member>
        <member name="P:Newegg.OrderManagement.Order.Business.Interfaces.OrderSummary.SellerReviewDate">
            <summary>
            Gets or sets seller review date.
            </summary>
        </member>
        <member name="P:Newegg.OrderManagement.Order.Business.Interfaces.OrderSummary.ShippingState">
            <summary>
            Gets or sets shipping state.
            </summary>
        </member>
        <member name="P:Newegg.OrderManagement.Order.Business.Interfaces.OrderSummary.SONumber">
            <summary>
            Gets or sets so number.
            </summary>
        </member>
        <member name="P:Newegg.OrderManagement.Order.Business.Interfaces.OrderSummary.State">
            <summary>
            Gets or sets state. 
            </summary>
        </member>
        <member name="P:Newegg.OrderManagement.Order.Business.Interfaces.OrderSummary.StatusLongDesc">
            <summary>
            Gets or sets StatusLongDesc info.
            </summary>
        </member>
        <member name="P:Newegg.OrderManagement.Order.Business.Interfaces.OrderSummary.StatusShortDescription">
            <summary>
            Gets or sets StatusShortDescription. 
            </summary>
        </member>
        <member name="P:Newegg.OrderManagement.Order.Business.Interfaces.OrderSummary.TotalAmount">
            <summary>
            Gets or sets total amount.
            </summary>
        </member>
        <member name="P:Newegg.OrderManagement.Order.Business.Interfaces.OrderSummary.StatusCode">
            <summary>
            Gets or sets status Code. 
            </summary>
        </member>
        <member name="P:Newegg.OrderManagement.Order.Business.Interfaces.OrderSummary.IsCorrelativeComboSO">
            <summary>
             Gets or sets a value indicating whether is part combo so. 
            </summary>
        </member>
        <member name="P:Newegg.OrderManagement.Order.Business.Interfaces.OrderSummary.RMAType">
            <summary>
            Gets or sets RMAType if is rma.
            </summary>
        </member>
        <member name="P:Newegg.OrderManagement.Order.Business.Interfaces.OrderSummary.OriginalSONumber">
            <summary>
            Gets or sets OriginalSONumber if is rma.
            </summary>
        </member>
        <member name="P:Newegg.OrderManagement.Order.Business.Interfaces.OrderSummary.RMAGeneratedByNewegg">
            <summary>
            Gets or sets a value indicating whether RMAGeneratedByNewegg whether can create rma on website.
            </summary>
        </member>
        <member name="T:Newegg.OrderManagement.Order.Business.Interfaces.OrderSummaryResponse">
            <summary>
            Orders summary response.
            </summary>
        </member>
        <member name="P:Newegg.OrderManagement.Order.Business.Interfaces.OrderSummaryResponse.CurrentPageIndex">
            <summary>
            Gets or sets current page index.
            </summary>
        </member>
        <member name="P:Newegg.OrderManagement.Order.Business.Interfaces.OrderSummaryResponse.TotalPageCount">
            <summary>
            Gets or sets total page count.
            </summary>
        </member>
        <member name="P:Newegg.OrderManagement.Order.Business.Interfaces.OrderSummaryResponse.Orders">
            <summary>
            Gets or sets orders.
            </summary>
        </member>
        <member name="T:Newegg.OrderManagement.Order.Business.Interfaces.RmaDetail">
            <summary>
            RMA detail.
            </summary>
        </member>
        <member name="F:Newegg.OrderManagement.Order.Business.Interfaces.RmaDetail.myRMADate">
            <summary>
            Field of RMA date.
            </summary>
        </member>
        <member name="P:Newegg.OrderManagement.Order.Business.Interfaces.RmaDetail.Status">
            <summary>
            Gets or sets RMA status.
            </summary>
        </member>
        <member name="P:Newegg.OrderManagement.Order.Business.Interfaces.RmaDetail.StatusDescription">
            <summary>
            Gets or sets RMA status description.
            </summary>
        </member>
        <member name="P:Newegg.OrderManagement.Order.Business.Interfaces.RmaDetail.RmaType">
            <summary>
            Gets or sets RMA type.
            </summary>
        </member>
        <member name="P:Newegg.OrderManagement.Order.Business.Interfaces.RmaDetail.RmaNumber">
            <summary>
            Gets or sets RMA number.
            </summary>
        </member>
        <member name="P:Newegg.OrderManagement.Order.Business.Interfaces.RmaDetail.RmaDate">
            <summary>
            Gets or sets RMA date.
            </summary>
        </member>
        <member name="P:Newegg.OrderManagement.Order.Business.Interfaces.RmaDetail.Amount">
            <summary>
            Gets or sets RMA amount.
            </summary>
        </member>
        <member name="P:Newegg.OrderManagement.Order.Business.Interfaces.RmaDetail.RmaTotal">
            <summary>
            Gets or sets RMA total.
            </summary>
        </member>
        <member name="P:Newegg.OrderManagement.Order.Business.Interfaces.RmaDetail.TaxAmount">
            <summary>
            Gets or sets tax amount.
            </summary>
        </member>
        <member name="P:Newegg.OrderManagement.Order.Business.Interfaces.RmaDetail.RestockingFee">
            <summary>
            Gets or sets restocking fee.
            </summary>
        </member>
        <member name="P:Newegg.OrderManagement.Order.Business.Interfaces.RmaDetail.CanCreateLabel">
            <summary>
            Gets or sets a value indicating whether RMA can create label.
            </summary>
        </member>
        <member name="P:Newegg.OrderManagement.Order.Business.Interfaces.RmaDetail.Memos">
            <summary>
            Gets or sets memo.
            </summary>
        </member>
        <member name="P:Newegg.OrderManagement.Order.Business.Interfaces.RmaDetail.SellerId">
            <summary>
            Gets or sets seller id.
            </summary>
        </member>
        <member name="P:Newegg.OrderManagement.Order.Business.Interfaces.RmaDetail.SellerName">
            <summary>
            Gets or sets seller name.
            </summary>
        </member>
        <member name="P:Newegg.OrderManagement.Order.Business.Interfaces.RmaDetail.RMAProcessedBy">
            <summary>
            Gets or sets RMAProcessedBy.
            </summary>
        </member>
        <member name="P:Newegg.OrderManagement.Order.Business.Interfaces.RmaDetail.ReturnAddress">
            <summary>
            Gets or sets ReturnAddress.
            </summary>
        </member>
        <member name="P:Newegg.OrderManagement.Order.Business.Interfaces.RmaDetail.RMAInstruction">
            <summary>
            Gets or sets RMAInstruction.
            </summary>
        </member>
        <member name="P:Newegg.OrderManagement.Order.Business.Interfaces.RmaDetail.Shipments">
            <summary>
            Gets or sets shipment.
            </summary>
        </member>
        <member name="P:Newegg.OrderManagement.Order.Business.Interfaces.RmaDetail.Items">
            <summary>
            Gets or sets items.
            </summary>
        </member>
        <member name="T:Newegg.OrderManagement.Order.Business.Interfaces.RmaItemDetail">
            <summary>
            RMA item detail.
            </summary>
        </member>
        <member name="P:Newegg.OrderManagement.Order.Business.Interfaces.RmaItemDetail.ItemNumber">
            <summary>
            Gets or sets item number.
            </summary>
        </member>
        <member name="P:Newegg.OrderManagement.Order.Business.Interfaces.RmaItemDetail.Quantity">
            <summary>
            Gets or sets quantity.
            </summary>
        </member>
        <member name="P:Newegg.OrderManagement.Order.Business.Interfaces.RmaItemDetail.RmaReason">
            <summary>
            Gets or sets RMA reason.
            </summary>
        </member>
        <member name="P:Newegg.OrderManagement.Order.Business.Interfaces.RmaItemDetail.Price">
            <summary>
            Gets or sets price.
            </summary>
        </member>
        <member name="P:Newegg.OrderManagement.Order.Business.Interfaces.RmaItemDetail.Description">
            <summary>
            Gets or sets Description.
            </summary>
        </member>
        <member name="P:Newegg.OrderManagement.Order.Business.Interfaces.RmaItemDetail.ItemBasic">
            <summary>
            Gets or sets item basic.
            </summary>
        </member>
        <member name="T:Newegg.OrderManagement.Order.Business.Interfaces.RmaItemSummary">
            <summary>
            RMA item summary.
            </summary>
        </member>
        <member name="P:Newegg.OrderManagement.Order.Business.Interfaces.RmaItemSummary.ItemNumber">
            <summary>
            Gets or sets item number.
            </summary>
        </member>
        <member name="P:Newegg.OrderManagement.Order.Business.Interfaces.RmaItemSummary.Description">
            <summary>
            Gets or sets Description.
            </summary>
        </member>
        <member name="P:Newegg.OrderManagement.Order.Business.Interfaces.RmaItemSummary.Quantity">
            <summary>
            Gets or sets quantity.
            </summary>
        </member>
        <member name="P:Newegg.OrderManagement.Order.Business.Interfaces.RmaItemSummary.ItemBasic">
            <summary>
            Gets or sets item basic.
            </summary>
        </member>
        <member name="T:Newegg.OrderManagement.Order.Business.Interfaces.RMAMemo">
            <summary>
            RMA memo.
            </summary>
        </member>
        <member name="P:Newegg.OrderManagement.Order.Business.Interfaces.RMAMemo.Type">
            <summary>
            Gets or sets event type.
            </summary>
        </member>
        <member name="P:Newegg.OrderManagement.Order.Business.Interfaces.RMAMemo.Content">
            <summary>
            Gets or sets memo content.
            </summary>
        </member>
        <member name="T:Newegg.OrderManagement.Order.Business.Interfaces.RmaSummary">
            <summary>
            RMA summary.
            </summary>
        </member>
        <member name="F:Newegg.OrderManagement.Order.Business.Interfaces.RmaSummary.myRMADate">
            <summary>
            Field of RMA date.
            </summary>
        </member>
        <member name="P:Newegg.OrderManagement.Order.Business.Interfaces.RmaSummary.RmaDate">
            <summary>
            Gets or sets RMA date.
            </summary>
        </member>
        <member name="P:Newegg.OrderManagement.Order.Business.Interfaces.RmaSummary.RmaNumber">
            <summary>
            Gets or sets RMA number.
            </summary>
        </member>
        <member name="P:Newegg.OrderManagement.Order.Business.Interfaces.RmaSummary.Status">
            <summary>
            Gets or sets status.
            </summary>
        </member>
        <member name="P:Newegg.OrderManagement.Order.Business.Interfaces.RmaSummary.StatusDescription">
            <summary>
            Gets or sets status description.
            </summary>
        </member>
        <member name="P:Newegg.OrderManagement.Order.Business.Interfaces.RmaSummary.CanCreateLabel">
            <summary>
            Gets or sets a value indicating whether rma can create label.
            </summary>
        </member>
        <member name="P:Newegg.OrderManagement.Order.Business.Interfaces.RmaSummary.RmaType">
            <summary>
            Gets or sets RMA type.
            </summary>
        </member>
        <member name="P:Newegg.OrderManagement.Order.Business.Interfaces.RmaSummary.Amount">
            <summary>
            Gets or sets RMA amount.
            </summary>
        </member>
        <member name="P:Newegg.OrderManagement.Order.Business.Interfaces.RmaSummary.ContactWith">
            <summary>
            Gets or sets ContactWith.
            </summary>
        </member>
        <member name="P:Newegg.OrderManagement.Order.Business.Interfaces.RmaSummary.Shipments">
            <summary>
            Gets or sets shipment.
            </summary>
        </member>
        <member name="P:Newegg.OrderManagement.Order.Business.Interfaces.RmaSummary.Items">
            <summary>
            Gets or sets items.
            </summary>
        </member>
        <member name="T:Newegg.OrderManagement.Order.Business.Interfaces.RmaSummaryRequest">
            <summary>
            RMA summary request.
            </summary>
        </member>
        <member name="P:Newegg.OrderManagement.Order.Business.Interfaces.RmaSummaryRequest.CustomerNumber">
            <summary>
            Gets or sets customer number.
            </summary>
        </member>
        <member name="P:Newegg.OrderManagement.Order.Business.Interfaces.RmaSummaryRequest.PageIndex">
            <summary>
            Gets or sets page index.
            </summary>
        </member>
        <member name="P:Newegg.OrderManagement.Order.Business.Interfaces.RmaSummaryRequest.PageSize">
            <summary>
            Gets or sets page size.
            </summary>
        </member>
        <member name="P:Newegg.OrderManagement.Order.Business.Interfaces.RmaSummaryRequest.SearchKey">
            <summary>
            Gets or sets search key.
            </summary>
        </member>
        <member name="P:Newegg.OrderManagement.Order.Business.Interfaces.RmaSummaryRequest.TimeRegionStart">
            <summary>
            Gets or sets time region start.
            </summary>
        </member>
        <member name="P:Newegg.OrderManagement.Order.Business.Interfaces.RmaSummaryRequest.TimeRegionEnd">
            <summary>
            Gets or sets time region end.
            </summary>
        </member>
        <member name="T:Newegg.OrderManagement.Order.Business.Interfaces.RmaSummaryResponse">
            <summary>
            RMA summary response.
            </summary>
        </member>
        <member name="P:Newegg.OrderManagement.Order.Business.Interfaces.RmaSummaryResponse.CurrentPageIndex">
            <summary>
            Gets or sets current page index.
            </summary>
        </member>
        <member name="P:Newegg.OrderManagement.Order.Business.Interfaces.RmaSummaryResponse.TotalPageCount">
            <summary>
            Gets or sets total page count.
            </summary>
        </member>
        <member name="P:Newegg.OrderManagement.Order.Business.Interfaces.RmaSummaryResponse.Rmas">
            <summary>
            Gets or sets rmas.
            </summary>
        </member>
        <member name="T:Newegg.OrderManagement.Order.Business.Interfaces.ShippingLabel">
            <summary>
            Shipping traking information.
            </summary>
        </member>
        <member name="F:Newegg.OrderManagement.Order.Business.Interfaces.ShippingLabel.myInDate">
            <summary>
            Field of in date.
            </summary>
        </member>
        <member name="P:Newegg.OrderManagement.Order.Business.Interfaces.ShippingLabel.TrackingNumber">
            <summary>
            Gets or sets tracking number.
            </summary>
        </member>
        <member name="P:Newegg.OrderManagement.Order.Business.Interfaces.ShippingLabel.CanTracking">
            <summary>
            Gets or sets a value indicating whether label can track.
            </summary>
        </member>
        <member name="P:Newegg.OrderManagement.Order.Business.Interfaces.ShippingLabel.CanPrint">
            <summary>
            Gets or sets a value indicating whether label can print.
            </summary>
        </member>
        <member name="P:Newegg.OrderManagement.Order.Business.Interfaces.ShippingLabel.InDate">
            <summary>
            Gets or sets InDate.
            </summary>
        </member>
        <member name="P:Newegg.OrderManagement.Order.Business.Interfaces.ShippingLabel.TrackingStatus">
            <summary>
            Gets or sets tracking status.
            </summary>
        </member>
        <member name="P:Newegg.OrderManagement.Order.Business.Interfaces.ShippingLabel.Items">
            <summary>
            Gets or sets items.
            </summary>
        </member>
        <member name="T:Newegg.OrderManagement.Order.Business.Interfaces.ShippingLabelItem">
            <summary>
            Shipping label item.
            </summary>
        </member>
        <member name="P:Newegg.OrderManagement.Order.Business.Interfaces.ShippingLabelItem.ItemNumber">
            <summary>
            Gets or sets item number.
            </summary>
        </member>
        <member name="P:Newegg.OrderManagement.Order.Business.Interfaces.ShippingLabelItem.Quantity">
            <summary>
            Gets or sets quantity.
            </summary>
        </member>
        <member name="P:Newegg.OrderManagement.Order.Business.Interfaces.ShippingLabelItem.Price">
            <summary>
            Gets or sets price.
            </summary>
        </member>
        <member name="T:Newegg.OrderManagement.Order.Business.Interfaces.WillCallShippingInfo">
            <summary>
            Will call shipping information.
            </summary>
        </member>
        <member name="P:Newegg.OrderManagement.Order.Business.Interfaces.WillCallShippingInfo.PickupStatus">
            <summary>
            Gets or sets pickup status.
            </summary>
        </member>
        <member name="P:Newegg.OrderManagement.Order.Business.Interfaces.WillCallShippingInfo.Address">
            <summary>
            Gets or sets address.
            </summary>
        </member>
        <member name="P:Newegg.OrderManagement.Order.Business.Interfaces.WillCallShippingInfo.Name">
            <summary>
            Gets or sets name.
            </summary>
        </member>
        <member name="P:Newegg.OrderManagement.Order.Business.Interfaces.WillCallShippingInfo.Phone">
            <summary>
            Gets or sets phone.
            </summary>
        </member>
        <member name="P:Newegg.OrderManagement.Order.Business.Interfaces.WillCallShippingInfo.CompanyName">
            <summary>
            Gets or sets company name.
            </summary>
        </member>
        <member name="P:Newegg.OrderManagement.Order.Business.Interfaces.WillCallShippingInfo.OfficeHour">
            <summary>
            Gets or sets office hour.
            </summary>
        </member>
    </members>
</doc>
