<?xml version="1.0"?>
<doc>
    <assembly>
        <name>Newegg.Website.DomainModel.SSL.Customer</name>
    </assembly>
    <members>
        <member name="T:Newegg.Website.DomainModel.BizPolicy.AccountTypeManager">
            <summary>
            Account Type
            
            0		B2CCustomer
            1		B2BPrimary
            2		B2BUser
            3		B2BRestrictedUser
            </summary>
        </member>
        <member name="M:Newegg.Website.DomainModel.BizPolicy.AccountTypeManager.GetAccountTypeValue(Newegg.Website.DomainModel.Customer.AccountType)">
            <summary>
            Get AccountType  value
            </summary>
            <param name="accountType">AccountType</param>
            <returns>0~3</returns>
        </member>
        <member name="M:Newegg.Website.DomainModel.BizPolicy.AccountTypeManager.GetAccountType(System.String)">
            <summary>
            Get AccountType enum
            </summary>
            <param name="accountTypeValue">AccountType value</param>
            <returns>AccountType</returns>
        </member>
        <member name="T:Newegg.Website.DomainModel.BizPolicy.AddressTypeManager">
            <summary>
            Address Type
            
            1	CustomerShipping
            2	CustomerBilling
            3	MerchantBilling
            4	MerchantCorporation
            </summary>
        </member>
        <member name="M:Newegg.Website.DomainModel.BizPolicy.AddressTypeManager.GetAddressTypeValue(Newegg.Website.DomainModel.Customer.AddressType)">
            <summary>
            Get AddressType value
            </summary>
            <param name="addressType">AddressType</param>
            <returns>1~4</returns>
        </member>
        <member name="M:Newegg.Website.DomainModel.BizPolicy.AddressTypeManager.GetAddressType(System.Int32)">
            <summary>
            Get Addresstype enum
            </summary>
            <param name="addressTypeValue">AddressType value</param>
            <returns>AddressType</returns>
        </member>
        <member name="T:Newegg.Website.DomainModel.BizPolicy.NumberOfEmployeesTypeManager">
            <summary>
            MerchantType
            "ZO"      Null
            "Z1"      1-4
            "Z2"      5-19
            "Z3"      20-49
            "Z4"      50-199
            "Z5"      200-499
            "Z6"      500+
            </summary>
        </member>
        <member name="M:Newegg.Website.DomainModel.BizPolicy.NumberOfEmployeesTypeManager.GetNumberOfEmployeesTypeValue(Newegg.Website.DomainModel.Merchant.NumberOfEmployeesType)">
            <summary>
            Get MerchantType value
            </summary>
            <param name="merchantType">MerchantType</param>
            <returns>Z1~Z9</returns>
        </member>
        <member name="M:Newegg.Website.DomainModel.BizPolicy.NumberOfEmployeesTypeManager.GetNumberOfEmployeesType(System.String)">
            <summary>
            Get MerchantType enum
            </summary>
            <param name="merchantTypeValue">MerchantType value</param>
            <returns>MerchantType</returns>
        </member>
        <!-- 对于成员“T:Newegg.Website.DomainModel.BizPolicy.MerchantIndustryTypeManager”忽略有格式错误的 XML 注释 -->
        <member name="M:Newegg.Website.DomainModel.BizPolicy.MerchantIndustryTypeManager.GetMerchantIndustryTypeValue(Newegg.Website.DomainModel.Merchant.MerchantIndustryType)">
            <summary>
            Get MerchantIndustryType value
            </summary>
            <param name="merchantIndustryType">MerchantIndustryType</param>
            <returns>Z001~Z015</returns>
        </member>
        <member name="M:Newegg.Website.DomainModel.BizPolicy.MerchantIndustryTypeManager.GetMerchantIndustryType(System.String)">
            <summary>
            Get MerchantIndustryType enum
            </summary>
            <param name="merchantIndustryTypeValue">MerchantIndustryType value</param>
            <returns>MerchantIndustryType</returns>
        </member>
        <!-- 对于成员“T:Newegg.Website.DomainModel.BizPolicy.MerchantTypeManager”忽略有格式错误的 XML 注释 -->
        <member name="M:Newegg.Website.DomainModel.BizPolicy.MerchantTypeManager.GetMerchantTypeValue(Newegg.Website.DomainModel.Merchant.MerchantType)">
            <summary>
            Get MerchantType value
            </summary>
            <param name="merchantType">MerchantType</param>
            <returns>Z1~Z9</returns>
        </member>
        <member name="M:Newegg.Website.DomainModel.BizPolicy.MerchantTypeManager.GetMerchantType(System.String)">
            <summary>
            Get MerchantType enum
            </summary>
            <param name="merchantTypeValue">MerchantType value</param>
            <returns>MerchantType</returns>
        </member>
        <member name="T:Newegg.Website.DomainModel.Customer.AutoNotifyCellInfo">
            <summary>
            AuotNodifyCellInfo,Post/Get Data
            </summary>
        </member>
        <member name="P:Newegg.Website.DomainModel.Customer.AutoNotifyCellInfo.CustomerId">
            <summary>
            CustomerID
            </summary>
        </member>
        <member name="P:Newegg.Website.DomainModel.Customer.AutoNotifyCellInfo.EmailAddress">
            <summary>
            EmailAddress
            </summary>
        </member>
        <member name="P:Newegg.Website.DomainModel.Customer.AutoNotifyCellInfo.RequestedDate">
            <summary>
            RequestedDate
            </summary>
        </member>
        <member name="P:Newegg.Website.DomainModel.Customer.AutoNotifyCellInfo.Notes">
            <summary>
            Notes
            </summary>
        </member>
        <member name="P:Newegg.Website.DomainModel.Customer.AutoNotifyCellInfo.ItemNumber">
            <summary>
            ItemNumber
            </summary>
        </member>
        <member name="T:Newegg.Website.DomainModel.Customer.AutoNotifyContainer">
            <summary>
            AutoNotifyContainer,Get Data
            </summary>
        </member>
        <member name="P:Newegg.Website.DomainModel.Customer.AutoNotifyContainer.AutoNotifyCellInfo">
            <summary>
            PriceAlertCellInfo,Get Data
            </summary>
        </member>
        <member name="P:Newegg.Website.DomainModel.Customer.AutoNotifyContainer.ProductBaseInfo">
            <summary>
            ProductBaseInfo,Get Data
            </summary>
        </member>
        <member name="T:Newegg.Website.DomainModel.Customer.AutoNotifyContent">
            <summary>
            Content
            </summary>
        </member>
        <member name="P:Newegg.Website.DomainModel.Customer.AutoNotifyContent.TotalPage">
            <summary>
            分页 TotalPage
            </summary>
        </member>
        <member name="P:Newegg.Website.DomainModel.Customer.AutoNotifyContent.AutoNotifyContainerList">
            <summary>
            AutoNodifyCellInfoList
            </summary>
        </member>
        <member name="T:Newegg.Website.DomainModel.Payment.PaymentInfo">
            <summary>
            PaymentInfo
            </summary>
        </member>
        <member name="P:Newegg.Website.DomainModel.Payment.PaymentInfo.CustomerNumber">
            <summary>
            Gets or sets the customer number.
            </summary>
            <value>The customer number.</value>
        </member>
        <member name="T:Newegg.Website.DomainModel.Customer.CustomerMajorContent">
            <summary>
            Customer Major content, from biz components
            </summary>
        </member>
        <member name="P:Newegg.Website.DomainModel.Customer.CustomerMajorContent.CustomerMajorInfo">
            <summary>
            Gets or sets the customer major info.
            </summary>
            <value>The customer major info.</value>
        </member>
        <member name="T:Newegg.Website.DomainModel.Customer.CustomerMajorInfo">
            <summary>
            Customer major info, including customer base info, billing info, shipping info, creditcard info etc.
            </summary>
        </member>
        <member name="P:Newegg.Website.DomainModel.Customer.CustomerMajorInfo.CustomerBaseInfo">
            <summary>
            Gets or sets the customer base info.
            </summary>
            <value>The customer base info.</value>
        </member>
        <member name="P:Newegg.Website.DomainModel.Customer.CustomerMajorInfo.CustomerBillingInfo">
            <summary>
            Gets or sets the customer billing info.
            </summary>
            <value>The customer billing info.</value>
        </member>
        <member name="P:Newegg.Website.DomainModel.Customer.CustomerMajorInfo.CustomerShippingInfo">
            <summary>
            Gets or sets the customer shipping info.
            </summary>
            <value>The customer shipping info.</value>
        </member>
        <member name="P:Newegg.Website.DomainModel.Customer.CustomerMajorInfo.CustomerCreditCardInfo">
            <summary>
            Gets or sets the customer credit card info.
            </summary>
            <value>The customer credit card info.</value>
        </member>
        <member name="T:Newegg.Website.DomainModel.Customer.CustomerRegisterContainer">
            <summary>
            Customer Register Request content
            </summary>
        </member>
        <member name="P:Newegg.Website.DomainModel.Customer.CustomerRegisterContainer.IPAddress">
            <summary>
            Gets or sets the IP address.
            </summary>
            <value>The IP address.</value>
        </member>
        <member name="P:Newegg.Website.DomainModel.Customer.CustomerRegisterContainer.ReferenceURL">
            <summary>
            Gets or sets the reference URL.
            </summary>
            <value>The reference URL.</value>
        </member>
        <member name="P:Newegg.Website.DomainModel.Customer.CustomerRegisterContainer.CurrentPageURL">
            <summary>
            Gets or sets the current page URL.
            </summary>
            <value>The current page URL.</value>
        </member>
        <member name="P:Newegg.Website.DomainModel.Customer.CustomerRegisterContainer.CustomerBaseInfo">
            <summary>
            Gets or sets the customer base info.
            </summary>
            <value>The customer base info.</value>
        </member>
        <member name="P:Newegg.Website.DomainModel.Customer.CustomerRegisterContainer.CustomerBillingInfo">
            <summary>
            Gets or sets the customer billing info.
            </summary>
            <value>The customer billing info.</value>
        </member>
        <member name="P:Newegg.Website.DomainModel.Customer.CustomerRegisterContainer.CustomerShippingInfo">
            <summary>
            Gets or sets the customer shipping info.
            if B2B Register,save Company Contact info
            </summary>
            <value>The customer shipping info.</value>
        </member>
        <member name="P:Newegg.Website.DomainModel.Customer.CustomerRegisterContainer.CustomerOptionalInfo">
            <summary>
            Gets or sets the customer optional info.
            </summary>
            <value>The customer optional info.</value>
        </member>
        <member name="P:Newegg.Website.DomainModel.Customer.CustomerRegisterContainer.CustomerSubscriptionInfo">
            <summary>
            Gets or sets the customer Subscription info.
            </summary>
            <value>The customer Subscription info.</value>
        </member>
        <member name="P:Newegg.Website.DomainModel.Customer.CustomerRegisterContainer.MerchantInfo">
            <summary>
            Gets or sets the merchant info.
            B2B register use it,save merchant info,B2C don't use it
            </summary>
            <value>The merchant info.</value>
        </member>
        <member name="P:Newegg.Website.DomainModel.Customer.CustomerRegisterContainer.BillingContactInfo">
            <summary>
            Gets or sets the customer shipping info.
            B2B register use it,save Billing Contact Info,B2C don't use it
            </summary>
            <value>The customer shipping info.</value>
        </member>
        <member name="P:Newegg.Website.DomainModel.Customer.CustomerRegisterContainer.MerchantContactInfo">
            <summary>
            Gets or sets the merchant contact info.
            </summary>
            <value>The merchant contact info.</value>
        </member>
        <member name="P:Newegg.Website.DomainModel.Customer.CustomerRegisterContainer.CellNumber">
            <summary>
            SMS Settings
            </summary>
        </member>
        <member name="T:Newegg.Website.DomainModel.Customer.CustomerSMSActivationCodeInfo">
            <summary>
            SMS Customer Activation Code Information
            </summary>
        </member>
        <member name="P:Newegg.Website.DomainModel.Customer.CustomerSMSActivationCodeInfo.CreateDateTime">
            <summary>
            Create Date Time
            </summary>
        </member>
        <member name="P:Newegg.Website.DomainModel.Customer.CustomerSMSActivationCodeInfo.TryTimes">
            <summary>
            Try Times
            </summary>
        </member>
        <member name="P:Newegg.Website.DomainModel.Customer.CustomerSMSActivationCodeInfo.Status">
            <summary>
            Activation Code Status
            </summary>
        </member>
        <member name="P:Newegg.Website.DomainModel.Customer.CustomerSMSActivationCodeInfo.ActivationCodeStatus">
            <summary>
            Activation Code Status
            </summary>
        </member>
        <member name="P:Newegg.Website.DomainModel.Customer.CustomerSMSActivationCodeInfo.CellNumber">
            <summary>
            Cell Number
            </summary>
        </member>
        <member name="P:Newegg.Website.DomainModel.Customer.CustomerSMSActivationCodeInfo.ActivationCode">
            <summary>
            Activation Code
            </summary>
        </member>
        <member name="P:Newegg.Website.DomainModel.Customer.CustomerSMSActivationCodeInfo.CustomerNumber">
            <summary>
            Customer Number
            </summary>
        </member>
        <member name="T:Newegg.Website.DomainModel.Customer.CustomerSMSActivationCodeStatus">
            <summary>
            SMS Activation Code Status Enum
            </summary>
        </member>
        <member name="F:Newegg.Website.DomainModel.Customer.CustomerSMSActivationCodeStatus.Open">
            <summary>
            ActivationCode还没有被激活
            </summary>
        </member>
        <member name="F:Newegg.Website.DomainModel.Customer.CustomerSMSActivationCodeStatus.Activated">
            <summary>
            ActivationCode被成功激活
            </summary>
        </member>
        <member name="F:Newegg.Website.DomainModel.Customer.CustomerSMSActivationCodeStatus.Void">
            <summary>
            ActivationCode已经失效
            </summary>
        </member>
        <member name="F:Newegg.Website.DomainModel.Customer.CustomerSMSActivationCodeStatus.Close">
            <summary>
            ActivationCode被关闭
            </summary>
        </member>
        <member name="T:Newegg.Website.DomainModel.Customer.CustomerSMSContent">
            <summary>
            SMS Content,OutputMessageInfo
            </summary>
        </member>
        <member name="P:Newegg.Website.DomainModel.Customer.CustomerSMSContent.OldCellNumber">
            <summary>
            Old CellNumber
            </summary>
        </member>
        <member name="P:Newegg.Website.DomainModel.Customer.CustomerSMSContent.RequiredIsMore">
            <summary>
            Required Is More
            </summary>
        </member>
        <member name="P:Newegg.Website.DomainModel.Customer.CustomerSMSContent.HasCodePending">
            <summary>
            Has Code Pending
            </summary>
        </member>
        <member name="P:Newegg.Website.DomainModel.Customer.CustomerSMSContent.SMSOptionGroupInfoList">
            <summary>
            Customer SMS Option Group List
            </summary>
        </member>
        <member name="P:Newegg.Website.DomainModel.Customer.CustomerSMSContent.SMSProviderInfoList">
            <summary>
            Customer SMS Provider List
            </summary>
        </member>
        <member name="P:Newegg.Website.DomainModel.Customer.CustomerSMSContent.CustomerSMSInfo">
            <summary>
            Customer SMS Information
            </summary>
        </member>
        <member name="P:Newegg.Website.DomainModel.Customer.CustomerSMSContent.CustomerSubscription">
            <summary>
            Customer Subscription Information
            </summary>
        </member>
        <member name="T:Newegg.Website.DomainModel.Customer.CustomerSMSInfo">
            <summary>
            SMS Customer Information
            </summary>
        </member>
        <member name="P:Newegg.Website.DomainModel.Customer.CustomerSMSInfo.MobileMailStatus">
            <summary>
            Mobile Mail Status
            </summary>
        </member>
        <member name="P:Newegg.Website.DomainModel.Customer.CustomerSMSInfo.Reservechar1">
            <summary>
            Mobile alert status
            </summary>
        </member>
        <member name="P:Newegg.Website.DomainModel.Customer.CustomerSMSInfo.LoginName">
            <summary>
            Login Name
            </summary>
        </member>
        <member name="P:Newegg.Website.DomainModel.Customer.CustomerSMSInfo.Status">
            <summary>
            SMS Status
            </summary>
        </member>
        <member name="P:Newegg.Website.DomainModel.Customer.CustomerSMSInfo.SMSStatus">
            <summary>
            SMS Status
            </summary>
        </member>
        <member name="P:Newegg.Website.DomainModel.Customer.CustomerSMSInfo.CellNumber">
            <summary>
            Cell Number
            </summary>
        </member>
        <member name="P:Newegg.Website.DomainModel.Customer.CustomerSMSInfo.ProviderID">
            <summary>
            Provider Id
            </summary>
        </member>
        <member name="P:Newegg.Website.DomainModel.Customer.CustomerSMSInfo.CustomerNumber">
            <summary>
            Customer Number
            </summary>
        </member>
        <member name="T:Newegg.Website.DomainModel.Customer.CustomerSMSOptionGroupInfo">
            <summary>
            SMS Option Group Information
            </summary>
        </member>
        <member name="P:Newegg.Website.DomainModel.Customer.CustomerSMSOptionGroupInfo.OptionList">
            <summary>
            Customer SMS Option List
            </summary>
        </member>
        <member name="P:Newegg.Website.DomainModel.Customer.CustomerSMSOptionGroupInfo.Description">
            <summary>
            Description
            </summary>
        </member>
        <member name="P:Newegg.Website.DomainModel.Customer.CustomerSMSOptionGroupInfo.GroupID">
            <summary>
            Group Id
            </summary>
        </member>
        <member name="T:Newegg.Website.DomainModel.Customer.CustomerSMSOptionInfo">
            <summary>
            SMS Option Information
            </summary>
        </member>
        <member name="P:Newegg.Website.DomainModel.Customer.CustomerSMSOptionInfo.IsSelected">
            <summary>
            This option if selected
            </summary>
        </member>
        <member name="P:Newegg.Website.DomainModel.Customer.CustomerSMSOptionInfo.Description">
            <summary>
            Description
            </summary>
        </member>
        <member name="P:Newegg.Website.DomainModel.Customer.CustomerSMSOptionInfo.GroupID">
            <summary>
            Group Id
            </summary>
        </member>
        <member name="P:Newegg.Website.DomainModel.Customer.CustomerSMSOptionInfo.OptionID">
            <summary>
            Option Id
            </summary>
        </member>
        <member name="T:Newegg.Website.DomainModel.Customer.CustomerSMSProviderInfo">
            <summary>
            SMS Provider Information
            </summary>
        </member>
        <member name="P:Newegg.Website.DomainModel.Customer.CustomerSMSProviderInfo.ProviderAddress">
            <summary>
            Provider Address
            </summary>
        </member>
        <member name="P:Newegg.Website.DomainModel.Customer.CustomerSMSProviderInfo.ProviderName">
            <summary>
            Provider Name
            </summary>
        </member>
        <member name="P:Newegg.Website.DomainModel.Customer.CustomerSMSProviderInfo.ProviderID">
            <summary>
            Provider Id
            </summary>
        </member>
        <member name="F:Newegg.Website.DomainModel.Customer.CustomerSMSStatus.Null">
            <summary>
            没有注册SMS服务
            </summary>
        </member>
        <member name="F:Newegg.Website.DomainModel.Customer.CustomerSMSStatus.Open">
            <summary>
            注册SMS服务，但还没有激活服务
            </summary>
        </member>
        <member name="F:Newegg.Website.DomainModel.Customer.CustomerSMSStatus.Activated">
            <summary>
            SMS服务激活并正常使用中
            </summary>
        </member>
        <member name="F:Newegg.Website.DomainModel.Customer.CustomerSMSStatus.Void">
            <summary>
            SMS服务被系统Block，无法正常使用
            </summary>
        </member>
        <member name="F:Newegg.Website.DomainModel.Customer.CustomerSMSStatus.Close">
            <summary>
            SMS服务被客户取消
            </summary>
        </member>
        <member name="F:Newegg.Website.DomainModel.Customer.CustomerSMSStatus.Affected">
            <summary>
            MobileMail或SMS更改导致变为未激活服务
            </summary>
        </member>
        <member name="P:Newegg.Website.DomainModel.Customer.LoginService.CurrentPageURL">
            <summary>
            Gets or sets the current page URL.
            </summary>
            <value>The current page URL.</value>
        </member>
        <member name="F:Newegg.Website.DomainModel.Customer.OpertionType.AddAccessCode">
            <summary>
            Add AccseeCode
            </summary>
        </member>
        <member name="F:Newegg.Website.DomainModel.Customer.OpertionType.UpdateFailedTimes">
            <summary>
            Update FailedTimes
            </summary>
        </member>
        <member name="F:Newegg.Website.DomainModel.Customer.OpertionType.UpdateExpirationTime">
            <summary>
            Update ExpirationTime
            </summary>
        </member>
        <member name="T:Newegg.Website.DomainModel.Customer.PriceAlertCellInfo">
            <summary>
            PriceAlertCellInfo,Get/Post Data
            </summary>
        </member>
        <member name="P:Newegg.Website.DomainModel.Customer.PriceAlertCellInfo.TransactionNumber">
            <summary>
            TransactionNumber
            </summary>
        </member>
        <member name="P:Newegg.Website.DomainModel.Customer.PriceAlertCellInfo.EmailAddress">
            <summary>
            EmailAddress
            </summary>
        </member>
        <member name="P:Newegg.Website.DomainModel.Customer.PriceAlertCellInfo.ExpectedPrice">
            <summary>
            ExpectedPrice
            </summary>
        </member>
        <member name="P:Newegg.Website.DomainModel.Customer.PriceAlertCellInfo.Promotion">
            <summary>
            Promotion
            </summary>
        </member>
        <member name="P:Newegg.Website.DomainModel.Customer.PriceAlertCellInfo.ItemNumber">
            <summary>
            ItemNumber
            </summary>
        </member>
        <member name="T:Newegg.Website.DomainModel.Customer.PriceAlertContainer">
            <summary>
            AutoNotifyContainer,Get Data
            </summary>
        </member>
        <member name="P:Newegg.Website.DomainModel.Customer.PriceAlertContainer.PriceAlertCellInfo">
            <summary>
            PriceAlertCellInfo,Get Data
            </summary>
        </member>
        <member name="P:Newegg.Website.DomainModel.Customer.PriceAlertContainer.ProductBaseInfo">
            <summary>
            ProductBaseInfo,Get Data
            </summary>
        </member>
        <member name="T:Newegg.Website.DomainModel.Customer.ProductInfoContent">
            <summary>
            Content
            </summary>
        </member>
        <member name="P:Newegg.Website.DomainModel.Customer.ProductInfoContent.ProductInfo">
            <summary>
            ProductInfo,Add Page
            </summary>
        </member>
        <member name="T:Newegg.Website.DomainModel.Customer.ProductPriceAlertContent">
            <summary>
            Content
            </summary>
        </member>
        <member name="P:Newegg.Website.DomainModel.Customer.ProductPriceAlertContent.TotalPage">
            <summary>
            分页 TotalPage
            </summary>
        </member>
        <member name="P:Newegg.Website.DomainModel.Customer.ProductPriceAlertContent.PriceAlertContainerList">
            <summary>
            Price alert cell list
            </summary>
        </member>
        <member name="T:Newegg.Website.DomainModel.Customer.ProductReviewContent">
            <summary>
            ProductReviewContent
            </summary>
        </member>
        <member name="P:Newegg.Website.DomainModel.Customer.ProductReviewContent.MinInvoiceDate">
            <summary>
            
            </summary>
        </member>
        <member name="P:Newegg.Website.DomainModel.Customer.ProductReviewContent.MaxInvoiceDate">
            <summary>
            
            </summary>
        </member>
        <member name="P:Newegg.Website.DomainModel.Customer.ProductReviewContent.PurchasedItemTotalPage">
            <summary>
            Total Page of Purchased Item
            </summary>
        </member>
        <member name="P:Newegg.Website.DomainModel.Customer.ProductReviewContent.ArchivedItemTotalPage">
            <summary>
            TotalPage of Archived Item Total Page
            </summary>
        </member>
        <member name="P:Newegg.Website.DomainModel.Customer.ProductReviewContent.ArchivedItemInfoList">
            <summary>
            ArchivedItemInfoList
            </summary>
        </member>
        <member name="P:Newegg.Website.DomainModel.Customer.ProductReviewContent.PurchasedItemInfoList">
            <summary>
            PurchasedItemInfoList
            </summary>
        </member>
        <member name="P:Newegg.Website.DomainModel.Merchant.MerchantNetTermInfo.AccountLimit">
            <summary>
             the value is the same as  MerchantCreditMaster.CreditLimit
            </summary>
        </member>
        <member name="P:Newegg.Website.DomainModel.Merchant.MerchantNetTermInfo.AvailableBalance">
            <summary>
            AvailableBalance=CreditLimit-MerchantCreditMaster.CreditExposure-MerchantCreditMiddleData.SalesValue
            (when MerchantCreditMiddleData.status=o)
            </summary>
        </member>
        <member name="P:Newegg.Website.DomainModel.Merchant.MerchantNetTermInfo.OrderAmount">
            <summary>
            
            </summary>
        </member>
        <member name="P:Newegg.Website.DomainModel.Merchant.MerchantNetTermInfo.NetTermStatus">
            <summary>
            
            </summary>
        </member>
        <member name="T:Newegg.Website.DomainModel.Merchant.NetTermStatus">
            <summary>
            define netTerm status,accoding to it to show different content in netTerm page
            </summary>
        </member>
        <member name="F:Newegg.Website.DomainModel.Merchant.NetTermStatus.NoDefined">
            <summary>
            Default value,has no operation
            </summary>
        </member>
        <member name="F:Newegg.Website.DomainModel.Merchant.NetTermStatus.Solicited">
             <summary>
            Customer does not have Net Term,only Primary can apply for it 
             </summary>
        </member>
        <member name="F:Newegg.Website.DomainModel.Merchant.NetTermStatus.Good">
            <summary>
            Account in good standing
            </summary>
        </member>
        <member name="F:Newegg.Website.DomainModel.Merchant.NetTermStatus.Exceeded">
            <summary>
            Account has insufficient funds
            </summary>
        </member>
        <member name="F:Newegg.Website.DomainModel.Merchant.NetTermStatus.GoodOrExceeded">
            <summary>
            Account either in good standing or  insufficient funds
            </summary>
        </member>
        <member name="F:Newegg.Website.DomainModel.Merchant.NetTermStatus.Locked">
             <summary>
            Account overdue
             </summary>
        </member>
        <member name="T:Newegg.Website.DomainModel.Merchant.SciQuestSetupMessage">
            <summary>
            
            </summary>
        </member>
        <member name="P:Newegg.Website.DomainModel.Merchant.SciQuestSetupMessage.MessageBody">
            <summary>
            setup message
            </summary>
        </member>
        <member name="P:Newegg.Website.DomainModel.Merchant.SciQuestSetupMessage.CustomerNumber">
            <summary>
            CustomerNumber
            </summary>
        </member>
        <member name="P:Newegg.Website.DomainModel.Merchant.SciQuestSetupMessage.BrowserFormPostURL">
            <summary>
            setup message BrowserFormPostURL
            </summary>
        </member>
        <member name="P:Newegg.Website.DomainModel.Merchant.SciQuestSetupMessage.Opertion">
            <summary>
            Opertion
            </summary>
        </member>
        <member name="P:Newegg.Website.DomainModel.Merchant.SciQuestSetupMessage.ResponseCode">
            <summary>
            ResponseCode 401 200
            </summary>
        </member>
        <member name="P:Newegg.Website.DomainModel.Merchant.SciQuestSetupMessage.Memo">
            <summary>
            Memo
            </summary>
        </member>
        <member name="T:Newegg.Website.DomainModel.Customer.NewCreditCardContent">
            <summary>
            New Credit Card Content
            </summary>
        </member>
        <member name="P:Newegg.Website.DomainModel.Customer.NewCreditCardContent.IsExistDeclineSaleOrder">
            <summary>
            Gets or sets exist decline sale order
            </summary>
        </member>
        <member name="P:Newegg.Website.DomainModel.Customer.NewCreditCardContent.CustomerBaseInfo">
            <summary>
            Gets or sets the customer base info.
            </summary>
            <value>The customer base info.</value>
        </member>
        <member name="P:Newegg.Website.DomainModel.Customer.NewCreditCardContent.CustomerBillingInfos">
            <summary>
            Gets or sets the customer billing info.
            </summary>
            <value>The customer billing info.</value>
        </member>
        <member name="P:Newegg.Website.DomainModel.Customer.NewCreditCardContent.CustomerCreditCardInfo">
            <summary>
            Gets or sets the customer credit card info.
            </summary>
            <value>The customer credit card info.</value>
        </member>
        <member name="T:Newegg.Website.DomainModel.Customer.NewCreditCardInfo">
            <summary>
            New Credit Card Info
            </summary>
        </member>
        <member name="P:Newegg.Website.DomainModel.Customer.NewCreditCardInfo.LoginName">
            <summary>
            Gets or sets the loginName
            </summary>
        </member>
        <member name="P:Newegg.Website.DomainModel.Customer.NewCreditCardInfo.HolderName">
            <summary>
            Gets or sets the HolderName
            </summary>
        </member>
        <member name="P:Newegg.Website.DomainModel.Customer.NewCreditCardInfo.EncryptCvv2Code">
            <summary>
            Gets or sets the EncryptCvv2Code
            </summary>
        </member>
        <member name="P:Newegg.Website.DomainModel.Customer.NewCreditCardInfo.EncryptCreditCard">
            <summary>
            Gets or sets the EncryptCreditCard
            </summary>
        </member>
        <member name="P:Newegg.Website.DomainModel.Customer.NewCreditCardInfo.SONumber">
            <summary>
            Gets or sets the SONumber
            </summary>
        </member>
        <member name="P:Newegg.Website.DomainModel.Customer.NewCreditCardInfo.CVV2Code">
            <summary>
            Gets or sets the CVV2Code
            </summary>
        </member>
        <member name="P:Newegg.Website.DomainModel.Customer.NewCreditCardInfo.BankPhone">
            <summary>
            Gets or sets the BankPhone
            </summary>
        </member>
        <member name="P:Newegg.Website.DomainModel.Customer.NewCreditCardInfo.ExpireDate">
            <summary>
            Gets or sets the ExpireDate
            </summary>
        </member>
        <member name="P:Newegg.Website.DomainModel.Customer.NewCreditCardInfo.CardType">
            <summary>
            Gets or sets the CardType
            </summary>
        </member>
        <member name="P:Newegg.Website.DomainModel.Customer.NewCreditCardInfo.CardNumber">
            <summary>
            Gets or sets the CardNumber
            </summary>
        </member>
        <member name="P:Newegg.Website.DomainModel.Customer.NewCreditCardInfo.CustomerNumber">
            <summary>
            Gets or sets the CustomerNumber
            </summary>
        </member>
        <member name="P:Newegg.Website.DomainModel.Customer.NewCreditCardInfo.PayTermsDescription">
            <summary>
            Gets or sets the payterms description
            </summary>
        </member>
        <member name="P:Newegg.Website.DomainModel.Customer.NewCreditCardInfo.CompanyCode">
            <summary>
            Gets or sets the company code
            </summary>
        </member>
        <member name="P:Newegg.Website.DomainModel.Customer.NewCreditCardInfo.IsMerchant">
            <summary>
            Gets or sets the is merchant flag
            </summary>
        </member>
        <member name="P:Newegg.Website.DomainModel.Customer.NewCreditCardInfo.IngrianCVV2">
            <summary>
            Gets or sets the is Ingrian CVV2
            </summary>
        </member>
        <member name="P:Newegg.Website.DomainModel.Customer.NewCreditCardInfo.IngrianCardNumber">
            <summary>
            Gets or sets the is Ingrian CardNumber
            </summary>
        </member>
        <member name="P:Newegg.Website.DomainModel.Customer.NewCreditCardInfo.HashCardNumber">
            <summary>
            Gets or sets the is Hash CardNumber
            </summary>
        </member>
    </members>
</doc>
