<?xml version="1.0"?>
<doc>
    <assembly>
        <name>Newegg.Website.DomainModel.SSL.WishList</name>
    </assembly>
    <members>
        <member name="T:Newegg.Website.DomainModel.WishList.WishListHandleAjaxCode">
            <summary>
            Ajax WishList Handle Code
            </summary>
        </member>
        <member name="F:Newegg.Website.DomainModel.WishList.WishListHandleAjaxCode.CommonFailed">
            <summary>
            Common Failed
            </summary>
        </member>
        <member name="F:Newegg.Website.DomainModel.WishList.WishListHandleAjaxCode.TitleEmpty">
            <summary>
            Title Empty 
            </summary>
        </member>
        <member name="F:Newegg.Website.DomainModel.WishList.WishListHandleAjaxCode.TitleExist">
            <summary>
            Title Exist 
            </summary>
        </member>
        <member name="F:Newegg.Website.DomainModel.WishList.WishListHandleAjaxCode.SubmitTypeValueEmpty">
            <summary>
            SubmitType Value Empty
            </summary>
        </member>
        <member name="F:Newegg.Website.DomainModel.WishList.WishListHandleAjaxCode.CustomerNumberEmpty">
            <summary>
            Customer Number is Empty
            </summary>
        </member>
        <member name="F:Newegg.Website.DomainModel.WishList.WishListHandleAjaxCode.WishListNumberInvalid">
            <summary>
            WishList Number Invalid 
            </summary>
        </member>
    </members>
</doc>
