<?xml version="1.0"?>
<doc>
    <assembly>
        <name>Newegg.OrderManagement.Shipping.ServiceEntities</name>
    </assembly>
    <members>
        <member name="F:Newegg.OrderManagement.Shipping.ServiceEntities.OrderItemType.Normal">
            <summary>
            Normal
            </summary>
        </member>
        <member name="F:Newegg.OrderManagement.Shipping.ServiceEntities.OrderItemType.Software">
            <summary>
            DownLoad Software
            </summary>
        </member>
        <member name="F:Newegg.OrderManagement.Shipping.ServiceEntities.OrderItemType.DVD">
            <summary>
            DVD
            </summary>
        </member>
        <member name="F:Newegg.OrderManagement.Shipping.ServiceEntities.OrderItemType.AIT">
            <summary>
            AIT
            </summary>
        </member>
        <member name="F:Newegg.OrderManagement.Shipping.ServiceEntities.OrderItemType.CellPhone">
            <summary>
            CellPhone
            </summary>
        </member>
        <member name="F:Newegg.OrderManagement.Shipping.ServiceEntities.OrderItemType.Restricted">
            <summary>
            Restricted
            </summary>
        </member>
        <member name="F:Newegg.OrderManagement.Shipping.ServiceEntities.OrderItemType.InstallerNet">
            <summary>
            InstallerNet
            </summary>
        </member>
        <member name="F:Newegg.OrderManagement.Shipping.ServiceEntities.OrderItemType.SNET">
            <summary>
            Warranty-Only
            </summary>
        </member>
        <member name="F:Newegg.OrderManagement.Shipping.ServiceEntities.OrderItemType.TechSupport">
            <summary>
            TechSupport
            </summary>
        </member>
        <member name="F:Newegg.OrderManagement.Shipping.ServiceEntities.ShippingMethodChangeReason.HasCheaperShippingMethod">
            <summary>
            有更便宜的配送方式
            </summary>
        </member>
        <member name="F:Newegg.OrderManagement.Shipping.ServiceEntities.ShippingMethodChangeReason.PreOrderIsNotAvailable">
            <summary>
            不支持PreOrder
            </summary>
        </member>
        <member name="F:Newegg.OrderManagement.Shipping.ServiceEntities.ShippingMethodChangeReason.TheStateIsNotAvailable">
            <summary>
            不支持该州
            </summary>
        </member>
        <member name="F:Newegg.OrderManagement.Shipping.ServiceEntities.ShippingMethodChangeReason.LocalExpressSameDayShippingMarkTrue">
            <summary>
            //必须能够使用Local Express (inventory.dbo.ItemPriceSetting.SameDayShippingMark)
            </summary>
        </member>
        <member name="F:Newegg.OrderManagement.Shipping.ServiceEntities.ShippingMethodChangeReason.OnlySupportShippingFromCAN">
            <summary>
            只支持来自CAN
            </summary>
        </member>
        <member name="F:Newegg.OrderManagement.Shipping.ServiceEntities.ShippingMethodChangeReason.AreaOfGroundOnlyIsNotAvailable">
            <summary>
            改地区不支持GroundOnly
            </summary>
        </member>
        <member name="F:Newegg.OrderManagement.Shipping.ServiceEntities.ShippingMethodChangeReason.OnlySupportShippingFromUSA">
            <summary>
            只支持来自USA
            </summary>
        </member>
        <member name="F:Newegg.OrderManagement.Shipping.ServiceEntities.ShippingMethodChangeReason.MultipleWarehouseDeliveryIsNotAvailable">
            <summary>
            不能从多个仓库出货
            </summary>
        </member>
        <member name="F:Newegg.OrderManagement.Shipping.ServiceEntities.ShippingMethodChangeReason.BeyondCodeNotAvailable">
            <summary>
            150~180的BeyondCode不支持
            </summary>
        </member>
        <member name="F:Newegg.OrderManagement.Shipping.ServiceEntities.ShippingMethodChangeReason.TotalMassNeedMoreThan400PoundsForLargeCargo">
            <summary>
            所有大货的重量总和必须大于400磅
            </summary>
        </member>
        <member name="F:Newegg.OrderManagement.Shipping.ServiceEntities.ShippingMethodChangeReason.VFOrderIsNotAvailable">
            <summary>
            不支持VF订单
            </summary>
        </member>
        <member name="F:Newegg.OrderManagement.Shipping.ServiceEntities.ShippingMethodChangeReason.AllItemsMustBeEggSaveItem">
            <summary>
            如果订单中有非Egg Saver Item, 那么不能使用这个配送方式
            </summary>
        </member>
        <member name="F:Newegg.OrderManagement.Shipping.ServiceEntities.ShippingMethodChangeReason.TotalQTYForItemsCanNotMoreThanEachItemEggSaverMaxQTY">
            <summary>
            所有Item的QTY总和不得超过任意当前订单中任意Item的EggSaverMaxQty
            </summary>
        </member>
        <member name="F:Newegg.OrderManagement.Shipping.ServiceEntities.ShippingMethodChangeReason.TotalWeightCanNotMoreThanMaxValue">
            <summary>
            所有Item的总量总和（Sum(arinvt01.Weight*QTY))不得超过1（可配置）
            </summary>
        </member>
        <member name="F:Newegg.OrderManagement.Shipping.ServiceEntities.ShippingMethodChangeReason.TotalItemPriceNeedLessThanBasicConfigurationSOAmount">
            <summary>
            所有item价格总和（PCode折扣后）必须小于不等于IM_Shipping_BasicConfiguration.SOAmount
            </summary>
        </member>
        <member name="F:Newegg.OrderManagement.Shipping.ServiceEntities.ShippingMethodChangeReason.RepackItemIsNotAvailable">
            <summary>
            不能配送Repack Item
            </summary>
        </member>
        <member name="F:Newegg.OrderManagement.Shipping.ServiceEntities.ShippingMethodChangeReason.ShippingZipCodeNeedInSamedayDeliveryRange">
            <summary>
            区域范围： Shipping ZipCode在发货仓库当天能够送达的范围内,见表CodeCenter.dbo.SameDayEligibleZipCode
            </summary>
        </member>
        <member name="F:Newegg.OrderManagement.Shipping.ServiceEntities.ShippingMethodChangeReason.LocalExpressCanNotUseThisPayment">
            <summary>
            Local Express 不能使用Mail Payment(014）支付  , Online bill pay
            </summary>
        </member>
        <member name="F:Newegg.OrderManagement.Shipping.ServiceEntities.ShippingMethodChangeReason.ThisVendorIsNotAvailable">
            <summary>
            不支持该VendorNumber
            </summary>
        </member>
        <member name="F:Newegg.OrderManagement.Shipping.ServiceEntities.ShippingMethodChangeReason.DisabledBeyondPoint">
            <summary>
            不支持BeyondCode为150~180的地区，即CodeCenter.dbo.PurolatorBeyondPointRate.IsEnable=false
            </summary>
        </member>
        <member name="F:Newegg.OrderManagement.Shipping.ServiceEntities.ShippingMethodChangeReason.ShopRunnerBlockAPO">
            <summary>
            ShopRunner Order不支持Shipping到APO州
            </summary>
        </member>
    </members>
</doc>
