<?xml version="1.0"?>
<doc>
    <assembly>
        <name>Newegg.Website.DomainModel.SSL.RMA</name>
    </assembly>
    <members>
        <member name="P:Newegg.Website.DomainModel.RMA.QueryRMAInfo.CurrencyDeductionAmount">
            <summary>
            Restocking Fee
            </summary>
        </member>
        <member name="F:Newegg.Website.DomainModel.RMA.SellerRMADetailInfo.m_RMAGeneratedByNewegg">
            <summary>
            Seller permit RMA generation by Newegg.com(true = permit; false = fobidden)
            </summary>
        </member>
        <member name="P:Newegg.Website.DomainModel.RMA.SellerRMADetailInfo.RMAGeneratedByNewegg">
            <summary>
            Seller permit RMA generation by Newegg.com(true = permit; false = fobidden)
            </summary>
        </member>
        <member name="P:Newegg.Website.DomainModel.RMA.RMALabelStep1Content.CustomerBaseInfo">
            <summary>
            Gets or sets the customer base info.
            </summary>
            <value>The customer base info.</value>
        </member>
        <member name="P:Newegg.Website.DomainModel.RMA.RMALabelStep1Content.CustomerBillingInfo">
            <summary>
            Gets or sets the customer billing info.
            </summary>
            <value>The customer billing info.</value>
        </member>
        <member name="P:Newegg.Website.DomainModel.RMA.RMALabelStep1Content.CustomerShippingInfo">
            <summary>
            Gets or sets the customer shipping info.
            </summary>
            <value>The customer shipping info.</value>
        </member>
        <member name="P:Newegg.Website.DomainModel.RMA.RMALabelStep1Content.CustomerCreditCardInfo">
            <summary>
            Gets or sets the customer credit card info.
            </summary>
            <value>The customer credit card info.</value>
        </member>
        <member name="P:Newegg.Website.DomainModel.RMA.RMALabelStep1Content.RMAItemList">
            <summary>
            
            </summary>
        </member>
        <member name="P:Newegg.Website.DomainModel.RMA.RMALabelStep1Content.RMAUPSShippingLabel">
            <summary>
            
            </summary>
        </member>
        <member name="P:Newegg.Website.DomainModel.RMA.RMAShippingLabelContent.InDate">
            <summary>
            get the InDate from realtime table
            </summary>
        </member>
    </members>
</doc>
