<?xml version="1.0"?>
<doc>
    <assembly>
        <name>Newegg.Website.DomainModel.SSL.GiftCertificate</name>
    </assembly>
    <members>
        <member name="P:Newegg.Website.DomainModel.GiftCertificate.GiftCard.GCCaptchaService.CustomerBaseInfo">
            <summary>
            Gets or sets the customer base info.
            </summary>
            <value>The customer base info.</value>
        </member>
        <member name="P:Newegg.Website.DomainModel.GiftCard.GiftCardInfo.CreditCard">
            <summary>
            looks like "4***********1111"
            </summary>
        </member>
        <member name="P:Newegg.Website.DomainModel.GiftCard.GiftCardInfo.ExpireDate">
            <summary>
            in yy/MM format
            </summary>
        </member>
        <member name="P:Newegg.Website.DomainModel.GiftCertificate.GiftCertificateInfo.CreditCard">
            <summary>
            looks like "4***********1111"
            </summary>
        </member>
        <member name="P:Newegg.Website.DomainModel.GiftCertificate.GiftCertificateInfo.ExpireDate">
            <summary>
            in yy/MM format
            </summary>
        </member>
        <member name="T:Newegg.Website.DomainModel.GiftCertificate.GiftCertificateRedeemContent">
            <summary>
            Gift Certificate Info
            </summary>
        </member>
        <member name="P:Newegg.Website.DomainModel.GiftCertificate.GiftCertificateRedeemContent.AllCardsRedeemSuccess">
            <summary>
            Gets or sets a value indicating whether [all card redeem success].
            </summary>
            <value>
            	<c>true</c> if [all card redeem success]; otherwise, <c>false</c>;default value is <c>true</c>
            </value>
        </member>
        <member name="P:Newegg.Website.DomainModel.GiftCertificate.GiftCertificateRedeemContent.TotalRedeemAmount">
            <summary>
            Gets or sets the total redeem amount.
            </summary>
            <value>The total redeem amount.</value>
        </member>
        <member name="P:Newegg.Website.DomainModel.GiftCertificate.GiftCertificateRedeemContent.GiftCertificateRedeemInfos">
            <summary>
            Gets or sets the gift certificate redeem infos.
            </summary>
            <value>The gift certificate redeem infos.</value>
        </member>
        <member name="T:Newegg.Website.DomainModel.GiftCertificate.GiftCertificateRedeemInfo">
            <summary>
            Gift Certificate Info
            </summary>
        </member>
        <member name="P:Newegg.Website.DomainModel.GiftCertificate.GiftCertificateRedeemInfo.ErrorCode">
            <summary>
            0:sussccess 
            1:closed 
            2:not paid 
            3:not exist 
            4:expired date
            5:left amount exceeds original giftCertificate price
            6:encrypted gift code not right
            </summary>
        </member>
        <member name="P:Newegg.Website.DomainModel.GiftCertificate.GiftCertificateRedeemInfo.GCRedeemAmount">
            <summary>
            
            </summary>
        </member>
        <member name="P:Newegg.Website.DomainModel.GiftCertificate.GiftCertificateRedeemInfo.GiftCode">
            <summary>
            
            </summary>
        </member>
        <member name="P:Newegg.Website.DomainModel.GiftCertificate.GiftCertificateRedeemInfo.LeftAmount">
            <summary>
            
            </summary>
        </member>
        <member name="P:Newegg.Website.DomainModel.GiftCertificate.GiftCertificateRedeemInfo.SecurityCode">
            <summary>
            
            </summary>
        </member>
    </members>
</doc>
