<?xml version="1.0"?>
<doc>
    <assembly>
        <name>Newegg.Website.DomainModel.SSL.FeedBack</name>
    </assembly>
    <members>
        <member name="T:Newegg.Website.DomainModel.FeedBack.Common.FeedBackEmailContent">
            <summary>
            FeedBackEmailContent
            </summary>
        </member>
        <member name="P:Newegg.Website.DomainModel.FeedBack.Common.FeedBackEmailContent.IsSendEmailCartSuceessful">
            <summary>
            IsSendEmailCartSuceessful
            </summary>
        </member>
        <member name="P:Newegg.Website.DomainModel.FeedBack.Common.ProductSummaryInfo.InternalMailRebateAmount">
            <summary>
            Gets or sets the internal mail rebate amount.
            </summary>
            <value>The internal mail rebate amount.</value>
        </member>
        <member name="P:Newegg.Website.DomainModel.FeedBack.Common.ProductSummaryInfo.InternalMailRebateDescrip">
            <summary>
            Gets or sets the internal mail rebate descrip.
            </summary>
            <value>The internal mail rebate descrip.</value>
        </member>
        <member name="P:Newegg.Website.DomainModel.FeedBack.Common.ProductSummaryInfo.MailInRebateInfos">
            <summary>
            Main In Rebate List
            </summary>
        </member>
        <member name="T:Newegg.Website.DomainModel.FeedBack.ContactUs.ContactUsEmailContent">
            <summary>
            EmailCartContent
            </summary>
        </member>
        <member name="P:Newegg.Website.DomainModel.FeedBack.ContactUs.ContactUsEmailContent.IsSendEmailCartSuceessful">
            <summary>
            IsSendEmailCartSuceessful
            </summary>
        </member>
        <member name="T:Newegg.Website.DomainModel.FeedBack.CustomerMessageMaster">
            <summary>
            Customer comunication conversation
            </summary>
        </member>
        <member name="P:Newegg.Website.DomainModel.FeedBack.CustomerMessageMaster.CommunicationID">
            <summary>
            GUID
            </summary>
        </member>
        <member name="P:Newegg.Website.DomainModel.FeedBack.CustomerMessageMaster.CustomerNumber">
            <summary>
            Involved customer number
            </summary>
        </member>
        <member name="P:Newegg.Website.DomainModel.FeedBack.CustomerMessageMaster.CustomerName">
            <summary>
            Involved customer name
            </summary>
        </member>
        <member name="P:Newegg.Website.DomainModel.FeedBack.CustomerMessageMaster.SellerID">
            <summary>
            Seller ID
            </summary>
        </member>
        <member name="P:Newegg.Website.DomainModel.FeedBack.CustomerMessageMaster.CSUserID">
            <summary>
            Involved Newegg CS user ID
            </summary>
        </member>
        <member name="P:Newegg.Website.DomainModel.FeedBack.CustomerMessageMaster.InitiatorUserType">
            <summary>
            ‘S’ – Seller,‘C’ – Customer,‘N’ – Newegg CS
            </summary>
        </member>
        <member name="P:Newegg.Website.DomainModel.FeedBack.CustomerMessageMaster.InitiatorName">
            <summary>
            Customer name or seller name of Newegg CS name of initiating this communication.
            </summary>
        </member>
        <member name="P:Newegg.Website.DomainModel.FeedBack.CustomerMessageMaster.InitiateDate">
            <summary>
            Initiate date of this communication
            </summary>
        </member>
        <member name="P:Newegg.Website.DomainModel.FeedBack.CustomerMessageMaster.TopicID">
            <summary>
            The TopicID field in table  MPS_CommunicationTopic
            </summary>
        </member>
        <member name="P:Newegg.Website.DomainModel.FeedBack.CustomerMessageMaster.Subject">
            <summary>
            Subject
            </summary>
        </member>
        <member name="P:Newegg.Website.DomainModel.FeedBack.CustomerMessageMaster.ReferenceOrderNumber">
            <summary>
            The reference order number of this communication
            </summary>
        </member>
        <member name="P:Newegg.Website.DomainModel.FeedBack.CustomerMessageMaster.ReferenceRMANumber">
            <summary>
            The reference RMA number of this communication
            </summary>
        </member>
        <member name="P:Newegg.Website.DomainModel.FeedBack.CustomerMessageMaster.SODate">
            <summary>
            SO Date
            </summary>
        </member>
        <member name="T:Newegg.Website.DomainModel.FeedBack.CustomerMessageReadStatus">
            <summary>
            customer message read status
            </summary>
        </member>
        <member name="T:Newegg.Website.DomainModel.FeedBack.CustomerMessageTopic">
            <summary>
            Seller Communication Topic
            </summary>
        </member>
        <member name="P:Newegg.Website.DomainModel.FeedBack.CustomerMessageTopic.TopicID">
            <summary>
            TopicID
            </summary>
        </member>
        <member name="P:Newegg.Website.DomainModel.FeedBack.CustomerMessageTopic.TopicName">
            <summary>
            EmailReceiveTransactionNumber
            </summary>
        </member>
        <member name="T:Newegg.Website.DomainModel.FeedBack.CustomerMessageTransaction">
            <summary>
            Customer comunication message
            </summary>
        </member>
        <member name="P:Newegg.Website.DomainModel.FeedBack.CustomerMessageTransaction.TransactionNumber">
            <summary>
            Transaction number;
            </summary>
        </member>
        <member name="P:Newegg.Website.DomainModel.FeedBack.CustomerMessageTransaction.EmailReceiveTransactionNumber">
            <summary>
            EmailReceiveTransactionNumber
            </summary>
        </member>
        <member name="P:Newegg.Website.DomainModel.FeedBack.CustomerMessageTransaction.CommunicationID">
            <summary>
            Communication GUID
            </summary>
        </member>
        <member name="P:Newegg.Website.DomainModel.FeedBack.CustomerMessageTransaction.SendUserType">
            <summary>
            SendUserType
            </summary>
        </member>
        <member name="P:Newegg.Website.DomainModel.FeedBack.CustomerMessageTransaction.SendUserID">
            <summary>
            SendUserID
            </summary>
        </member>
        <member name="P:Newegg.Website.DomainModel.FeedBack.CustomerMessageTransaction.SendUserName">
            <summary>
            SendUserName
            </summary>
        </member>
        <member name="P:Newegg.Website.DomainModel.FeedBack.CustomerMessageTransaction.ReceiveUserType">
            <summary>
            Receive User Type
            </summary>
        </member>
        <member name="P:Newegg.Website.DomainModel.FeedBack.CustomerMessageTransaction.InternalReadStatus">
            <summary>
            InternalReadStatus
            </summary>
        </member>
        <member name="P:Newegg.Website.DomainModel.FeedBack.CustomerMessageTransaction.ReadStatus">
            <summary>
            Read Status
            </summary>
        </member>
        <member name="P:Newegg.Website.DomainModel.FeedBack.CustomerMessageTransaction.SendDate">
            <summary>
            Send Date
            </summary>
        </member>
        <member name="P:Newegg.Website.DomainModel.FeedBack.CustomerMessageTransaction.MessageContent">
            <summary>
            MessageContent
            </summary>
        </member>
        <member name="P:Newegg.Website.DomainModel.FeedBack.CustomerReferral.CustomerReferralContent.NeweggID">
            <summary>
            NeweggID(LoginName)
            </summary>
        </member>
        <member name="P:Newegg.Website.DomainModel.FeedBack.CustomerReferral.CustomerReferralContent.CustomerReferralInfoList">
            <summary>
            CustomerReferralInfoList
            </summary>
        </member>
        <member name="P:Newegg.Website.DomainModel.FeedBack.CustomerReferral.CustomerReferralContent.MaxReferralCount">
            <summary>
            Max referral count
            </summary>
        </member>
        <member name="P:Newegg.Website.DomainModel.FeedBack.CustomerReferral.CustomerReferralContent.ErrorCode">
            <summary>
            Error code
            </summary>
        </member>
        <member name="P:Newegg.Website.DomainModel.FeedBack.CustomerReferral.CustomerReferralInfo.FirstName">
            <summary>
            First name
            </summary>
        </member>
        <member name="P:Newegg.Website.DomainModel.FeedBack.CustomerReferral.CustomerReferralInfo.LastName">
            <summary>
            Last name
            </summary>
        </member>
        <member name="P:Newegg.Website.DomainModel.FeedBack.CustomerReferral.CustomerReferralInfo.Email">
            <summary>
            Email
            </summary>
        </member>
        <member name="P:Newegg.Website.DomainModel.FeedBack.CustomerReferral.CustomerReferralInfo.ErrorCode">
            <summary>
            Error code
            </summary>
        </member>
        <member name="P:Newegg.Website.DomainModel.FeedBack.CustomerReview.CustomerReviewInfo.Title">
            <summary>
            Gets or sets the title.
            </summary>
            <value>The title.</value>
        </member>
        <member name="P:Newegg.Website.DomainModel.FeedBack.CustomerReview.CustomerReviewInfo.ItemNumber">
            <summary>
            Gets or sets the item number.
            </summary>
            <value>The item number.</value>
        </member>
        <member name="P:Newegg.Website.DomainModel.FeedBack.CustomerReview.CustomerReviewInfo.LoginName">
            <summary>
            Gets or sets the name of the login.
            </summary>
            <value>The name of the login.</value>
        </member>
        <member name="P:Newegg.Website.DomainModel.FeedBack.CustomerReview.CustomerReviewInfo.NickName">
            <summary>
            Gets or sets the name of the nick.
            </summary>
            <value>The name of the nick.</value>
        </member>
        <member name="P:Newegg.Website.DomainModel.FeedBack.CustomerReview.CustomerReviewInfo.Rating">
            <summary>
            Gets or sets the rating.
            </summary>
            <value>The rating.</value>
        </member>
        <member name="P:Newegg.Website.DomainModel.FeedBack.CustomerReview.CustomerReviewInfo.BoughtTime">
            <summary>
            Gets or sets the bought time.
            </summary>
            <value>The bought time.</value>
        </member>
        <member name="P:Newegg.Website.DomainModel.FeedBack.CustomerReview.CustomerReviewInfo.TechLevel">
            <summary>
            Gets or sets the tech level.
            </summary>
            <value>The tech level.</value>
        </member>
        <member name="P:Newegg.Website.DomainModel.FeedBack.CustomerReview.CustomerReviewInfo.Pros">
            <summary>
            Gets or sets the pros.
            </summary>
            <value>The pros.</value>
        </member>
        <member name="P:Newegg.Website.DomainModel.FeedBack.CustomerReview.CustomerReviewInfo.Cons">
            <summary>
            Gets or sets the cons.
            </summary>
            <value>The cons.</value>
        </member>
        <member name="P:Newegg.Website.DomainModel.FeedBack.CustomerReview.CustomerReviewInfo.Comments">
            <summary>
            Gets or sets the comments.
            </summary>
            <value>The comments.</value>
        </member>
        <member name="P:Newegg.Website.DomainModel.FeedBack.CustomerReview.CustomerReviewInfo.UploadID">
            <summary>
            Gets or sets the upload ID.
            </summary>
            <value>The upload ID.</value>
        </member>
        <member name="P:Newegg.Website.DomainModel.FeedBack.CustomerReview.CustomerReviewInfo.IPAddress">
            <summary>
            Gets or sets the IP address.
            </summary>
            <value>The IP address.</value>
        </member>
        <member name="P:Newegg.Website.DomainModel.FeedBack.CustomerReview.CustomerReviewInfo.HasVideo">
            <summary>
            Gets or sets a value indicating whether this instance has video.
            </summary>
            <value><c>true</c> if this instance has video; otherwise, <c>false</c>.</value>
        </member>
        <member name="P:Newegg.Website.DomainModel.FeedBack.CustomerReview.CustomerReviewInfo.IsForVideoGameItem">
            <summary>
            Gets or sets a value indicating whether this instance is for video game item.
            </summary>
            <value>
            	<c>true</c> if this instance is for video game item; otherwise, <c>false</c>.
            </value>
        </member>
        <member name="P:Newegg.Website.DomainModel.FeedBack.CustomerReview.CustomerReviewVoteInfo.CustomerNumber">
            <summary>
            Gets or sets the customer number.
            </summary>
            <value>The customer number.</value>
        </member>
        <member name="P:Newegg.Website.DomainModel.FeedBack.CustomerReview.CustomerReviewVoteInfo.ReviewID">
            <summary>
            Gets or sets the review ID.
            </summary>
            <value>The review ID.</value>
        </member>
        <member name="P:Newegg.Website.DomainModel.FeedBack.CustomerReview.CustomerReviewVoteInfo.IsAgree">
            <summary>
            Gets or sets a value indicating whether this instance is agree.
            </summary>
            <value><c>true</c> if this instance is agree; otherwise, <c>false</c>.</value>
        </member>
        <member name="P:Newegg.Website.DomainModel.FeedBack.CustomerReview.RateCustomerInfo.CustomerNumber">
            <summary>
            Gets or sets the CustomerNumber
            </summary>
        </member>
        <member name="P:Newegg.Website.DomainModel.FeedBack.CustomerReview.RateCustomerInfo.LoginName">
            <summary>
            Gets or sets the LoginName
            </summary>
        </member>
        <member name="P:Newegg.Website.DomainModel.FeedBack.CustomerReview.RateCustomerInfo.SODate">
            <summary>
            Gets or sets the SODate
            </summary>
        </member>
        <member name="P:Newegg.Website.DomainModel.FeedBack.CustomerReview.RateCustomerInfo.SellerID">
            <summary>
            Gets or sets the SellerID
            </summary>
        </member>
        <member name="P:Newegg.Website.DomainModel.FeedBack.CustomerReview.RateProductContent.ProductInfo">
            <summary>
            Gets or sets the product info.
            </summary>
            <value>The product info.</value>
        </member>
        <member name="P:Newegg.Website.DomainModel.FeedBack.CustomerReview.RateSellerContent.SellerInfo">
            <summary>
            Gets or sets the seller info.
            </summary>
            <value>The selelr info.</value>
        </member>
        <member name="P:Newegg.Website.DomainModel.FeedBack.ShallWeCarry.ShallWeCarryInfo.CustomerName">
            <summary>
            Gets or sets the CustomerName.
            </summary>
        </member>
        <member name="P:Newegg.Website.DomainModel.FeedBack.ShallWeCarry.ShallWeCarryInfo.Title">
            <summary>
            Gets or sets the Title.
            </summary>
        </member>
        <member name="P:Newegg.Website.DomainModel.FeedBack.ShallWeCarry.ShallWeCarryInfo.Manufacturer">
            <summary>
            Gets or sets the Manufacturer.
            </summary>
        </member>
        <member name="P:Newegg.Website.DomainModel.FeedBack.ShallWeCarry.ShallWeCarryInfo.Category">
            <summary>
            Gets or sets the Category.
            </summary>
        </member>
        <member name="P:Newegg.Website.DomainModel.FeedBack.ShallWeCarry.ShallWeCarryInfo.Model">
            <summary>
            Gets or sets the Model.
            </summary>
        </member>
        <member name="P:Newegg.Website.DomainModel.FeedBack.ShallWeCarry.ShallWeCarryInfo.Comments">
            <summary>
            Gets or sets the Comments.
            </summary>
        </member>
        <member name="P:Newegg.Website.DomainModel.FeedBack.ShallWeCarry.ShallWeCarryInfo.EmailAddress">
            <summary>
            Gets or sets the EmailAddress.
            </summary>
        </member>
        <member name="P:Newegg.Website.DomainModel.FeedBack.Survey.SearchSurveyInfo.UserAgent">
            <summary>
            customer browser info
            </summary>
        </member>
        <member name="P:Newegg.Website.DomainModel.FeedBack.Survey.SearchSurveyInfo.Keyword">
            <summary>
            Quick search keyword
            </summary>
        </member>
        <member name="P:Newegg.Website.DomainModel.FeedBack.Survey.SearchSurveyInfo.IPAddress">
            <summary>
            Client IP Address
            </summary>
        </member>
        <member name="P:Newegg.Website.DomainModel.FeedBack.Survey.SearchSurveyInfo.URL">
            <summary>
            URL of submited page 
            </summary>
        </member>
        <member name="P:Newegg.Website.DomainModel.FeedBack.Survey.SearchSurveyInfo.Feedback">
            <summary>
            Feedbacl info
            </summary>
        </member>
        <member name="P:Newegg.Website.DomainModel.FeedBack.Survey.SearchSurveyInfo.IsResultFound">
            <summary>
            是否搜索到记录
            </summary>
        </member>
        <member name="P:Newegg.Website.DomainModel.FeedBack.Sweepstakes.CustomerSweepstakeInfo.isSweepstakes">
            <summary>
            Gets or sets the isSweepstakes.
            </summary>
            <value>The isSweepstakes.</value>
        </member>
        <member name="P:Newegg.Website.DomainModel.FeedBack.Sweepstakes.CustomerSweepstakeInfo.isRegCustomer">
            <summary>
            Gets or sets the isRegCustomer.
            </summary>
            <value>The isRegCustomer.</value>
        </member>
        <member name="P:Newegg.Website.DomainModel.FeedBack.Sweepstakes.CustomerSweepstakeInfo.isValidateCode">
            <summary>
            Gets or sets the isValidateCode.
            </summary>
            <value>The isValidateCode.</value>
        </member>
        <member name="P:Newegg.Website.DomainModel.FeedBack.Sweepstakes.CustomerSweepstakeInfo.ValidateCode">
            <summary>
            Gets or sets the ValidateCode.
            </summary>
            <value>The ValidateCode.</value>
        </member>
        <member name="P:Newegg.Website.DomainModel.FeedBack.Sweepstakes.CustomerSweepstakeInfo.EmailDazadi">
            <summary>
            Gets or sets the EmailDazadi.
            </summary>
            <value>The EmailDazadi.</value>
        </member>
        <member name="P:Newegg.Website.DomainModel.FeedBack.Sweepstakes.CustomerSweepstakeInfo.EmailLoveSac">
            <summary>
            Gets or sets the EmailLoveSac.
            </summary>
            <value>The EmailLoveSac.</value>
        </member>
        <member name="P:Newegg.Website.DomainModel.FeedBack.Sweepstakes.CustomerSweepstakeInfo.EmailGoUrBan">
            <summary>
            Gets or sets the EmailGoUrBan.
            </summary>
            <value>The EmailGoUrBan.</value>
        </member>
        <member name="P:Newegg.Website.DomainModel.FeedBack.Sweepstakes.CustomerSweepstakeInfo.EmailSony">
            <summary>
            Gets or sets the EmailSony.
            </summary>
            <value>The EmailSony.</value>
        </member>
        <member name="P:Newegg.Website.DomainModel.FeedBack.Sweepstakes.CustomerSweepstakeInfo.Birthday">
            <summary>
            Gets or sets the Brithday.
            </summary>
            <value>The Brithday.</value>
        </member>
        <member name="P:Newegg.Website.DomainModel.FeedBack.Sweepstakes.CustomerSweepstakeInfo.Subscription">
            <summary>
            Gets or sets the Subscription.
            </summary>
            <value>The Subscription.</value>
        </member>
        <member name="P:Newegg.Website.DomainModel.FeedBack.Sweepstakes.CustomerSweepstakeInfo.SubscriptionHidden">
            <summary>
            Gets or sets the Subscription.
            </summary>
            <value>The Subscription.</value>
        </member>
        <member name="P:Newegg.Website.DomainModel.FeedBack.Sweepstakes.CustomerSweepstakeInfo.Telephone">
            <summary>
            Gets or sets the Telephone.
            </summary>
            <value>The Telephone.</value>
        </member>
        <member name="P:Newegg.Website.DomainModel.FeedBack.Sweepstakes.CustomerSweepstakeInfo.Zipcode">
            <summary>
            Gets or sets the Zipcode.
            </summary>
            <value>The Zipcode.</value>
        </member>
        <member name="P:Newegg.Website.DomainModel.FeedBack.Sweepstakes.CustomerSweepstakeInfo.State">
            <summary>
            Gets or sets the State.
            </summary>
            <value>The State.</value>
        </member>
        <member name="P:Newegg.Website.DomainModel.FeedBack.Sweepstakes.CustomerSweepstakeInfo.City">
            <summary>
            Gets or sets the City.
            </summary>
            <value>The City.</value>
        </member>
        <member name="P:Newegg.Website.DomainModel.FeedBack.Sweepstakes.CustomerSweepstakeInfo.Address2">
            <summary>
            Gets or sets the Address2.
            </summary>
            <value>The Address2.</value>
        </member>
        <member name="P:Newegg.Website.DomainModel.FeedBack.Sweepstakes.CustomerSweepstakeInfo.Address1">
            <summary>
            Gets or sets the Address1.
            </summary>
            <value>The Address1.</value>
        </member>
        <member name="P:Newegg.Website.DomainModel.FeedBack.Sweepstakes.CustomerSweepstakeInfo.MiddleName">
            <summary>
            Gets or sets the MiddleName.
            </summary>
            <value>The MiddleName.</value>
        </member>
        <member name="P:Newegg.Website.DomainModel.FeedBack.Sweepstakes.CustomerSweepstakeInfo.LastName">
            <summary>
            Gets or sets the LastName.
            </summary>
            <value>The LastName.</value>
        </member>
        <member name="P:Newegg.Website.DomainModel.FeedBack.Sweepstakes.CustomerSweepstakeInfo.FirstName">
            <summary>
            Gets or sets the FristName.
            </summary>
            <value>The FristName.</value>
        </member>
        <member name="P:Newegg.Website.DomainModel.FeedBack.Sweepstakes.CustomerSweepstakeInfo.CampaignName">
            <summary>
            Gets or sets the CampaignName.
            </summary>
            <value>The CampaignName.</value>
        </member>
        <member name="P:Newegg.Website.DomainModel.FeedBack.Sweepstakes.CustomerSweepstakeInfo.CampaignCode">
            <summary>
            Gets or sets the CampaignCode.
            </summary>
            <value>The CampaignCode.</value>
        </member>
        <member name="P:Newegg.Website.DomainModel.FeedBack.Sweepstakes.CustomerSweepstakeInfo.Email">
            <summary>
            Gets or sets the Email.
            </summary>
            <value>The Email.</value>
        </member>
        <member name="P:Newegg.Website.DomainModel.FeedBack.Sweepstakes.CustomerSweepstakeInfo.CustomerNumber">
            <summary>
            Gets or sets the CustomerNumber.
            </summary>
            <value>The CustomerNumber.</value>
        </member>
        <member name="P:Newegg.Website.DomainModel.FeedBack.Sweepstakes.CustomerSweepstakeInfo.Password">
            <summary>
            Gets or sets the Password.
            </summary>
            <value>The Password.</value>
        </member>
        <member name="P:Newegg.Website.DomainModel.FeedBack.UploadVideo.UploadVideoInfo.UploadID">
            <summary>
            Gets or sets the upload ID.
            </summary>
            <value>The upload ID.</value>
        </member>
        <member name="P:Newegg.Website.DomainModel.FeedBack.UploadVideo.UploadVideoInfo.CampaignID">
            <summary>
            Gets or sets the compaign ID.
            </summary>
            <value>The compaign ID.</value>
        </member>
    </members>
</doc>
