<?xml version="1.0"?>
<doc>
    <assembly>
        <name>Newegg.Website.DomainModel.SSL.Common</name>
    </assembly>
    <members>
        <member name="T:Newegg.Website.DomainModel.BizPolicy.Core.Configuration.StoreDepaConfiguration">
            <summary>
            Contains mapping info between page and store depa.
            </summary>
        </member>
        <member name="M:Newegg.Website.DomainModel.BizPolicy.Core.Configuration.StoreDepaConfiguration.GetStoreDepa(System.Int32)">
            <summary>
            Gets the <see cref="T:Newegg.Website.DomainModel.Store.StoreDepa"/> for a given depa id.
            Returns StoreDepa.InvalidStoreDepa if the given id is not a valid depa id.
            </summary>
            <param name="depaId"></param>
            <returns></returns>
        </member>
        <member name="M:Newegg.Website.DomainModel.BizPolicy.Core.Configuration.StoreDepaConfiguration.GetStoreDepa(Newegg.Website.DomainModel.PageUrlAlias,System.Int32)">
            <summary>
            Gets the Valid <see cref="T:Newegg.Website.DomainModel.Store.StoreDepa"/> for a given depa id and the pageurl.
            Returns StoreDepa.InvalidStoreDepa if the given id is not a valid depa id.
            </summary>
            <param name="depaId"></param>
            <returns></returns>
        </member>
        <member name="M:Newegg.Website.DomainModel.BizPolicy.Core.Configuration.StoreDepaConfiguration.GetStoreDepaItem(System.String)">
            <summary>
            Get StoreDepaItem, usually for getting related url and switch
            </summary>
            <param name="depa"></param>
            <returns>StoreDepaItem</returns>
        </member>
        <member name="M:Newegg.Website.DomainModel.BizPolicy.Core.Configuration.StoreDepaConfiguration.GetStoreDescription(System.Int32)">
            <summary>
            Gets the store description.
            Returns null if no depa exists for the given id.
            </summary>
            <param name="depaId">The depa id.</param>
            <returns></returns>
        </member>
        <member name="M:Newegg.Website.DomainModel.BizPolicy.Core.Configuration.StoreDepaConfiguration.GetStoreDepaId(System.String)">
            <summary>
            Returns -1 if not found.
            </summary>
            <param name="depa"></param>
            <returns></returns>
        </member>
        <member name="M:Newegg.Website.DomainModel.BizPolicy.Core.Configuration.StoreDepaConfiguration.GetParentStoreDepa(System.String)">
            <summary>
            Given a <see cref="T:Newegg.Website.DomainModel.Store.StoreDepa"/>, get the corresponding parent depa
            Returns StoreDepa.InvalidStoreDepa if the given depa does not have a parent store depa.
            </summary>
            <param name="depa"></param>
            <returns>Current Store Depa Parent</returns>
        </member>
        <member name="P:Newegg.Website.BizPolicy.Core.ThreadContext.Language">
            <summary>
            current language.like:es,en
            </summary>
        </member>
        <member name="P:Newegg.Website.BizPolicy.Core.ThreadContext.IsEnglishLanguage">
            <summary>
            indicate the current language is english?
            </summary>
        </member>
        <member name="T:Newegg.Website.DomainModel.Product.ProductPolicyInfo">
            <summary>
            this class Compatible old framework version,so can not add anything to this class.
            when update function below pls update BizPolicy.Product.ProductPolicy.cs.
            </summary>
        </member>
        <member name="M:Newegg.Website.DomainModel.Product.ProductPolicyInfo.ProcessProductItemType(Newegg.Website.DomainModel.Product.ItemType,System.String,System.Int32)">
            <summary>
            Processes the type of the product item.
            </summary>
            <param name="itemType">Type of the item.</param>
            <param name="itemNumber">The item number.</param>
            <param name="subCategoryID">The sub category ID.</param>
        </member>
        <member name="P:Newegg.Website.DomainModel.Common.OutputMessageInfo.MessageCode">
            <summary>
            Invoke Successful code : 100000
            Invode Failed code     : 100001
            Invoke Common code     : 100000 ~ 100099
            System error code      : 101[Model code] ~ 199[Model code]
            biz error code         : 400[Model code] ~ 999[Model code]
            special biz error code : 200[Model code] ~ 399[Model code]
            </summary>
        </member>
        <member name="P:Newegg.Website.DomainModel.Common.GenericContainer`1.TitleItem">
            <summary>
            Gets or sets the title item.
            </summary>
            <value>The title item.</value>
        </member>
        <member name="P:Newegg.Website.DomainModel.Common.GenericContainer`1.Items">
            <summary>
            Gets or sets the items.
            </summary>
            <value>The items.</value>
        </member>
        <member name="T:Newegg.Website.DomainModel.Common.SellerInfo">
            <summary>
            Seller inof
            </summary>
        </member>
        <member name="P:Newegg.Website.DomainModel.Common.SellerInfo.SellerID">
            <summary>
            get or set Seller ID
            </summary>
        </member>
        <member name="P:Newegg.Website.DomainModel.Common.SellerInfo.SellerName">
            <summary>
            get or set Seller Name
            </summary>
        </member>
        <member name="T:Newegg.Website.DomainModel.Common.WarningInfo">
            <summary>
            WarningInfo Information
            </summary>
        </member>
        <member name="P:Newegg.Website.DomainModel.Common.WarningInfo.WarningID">
            <summary>
            WarningID
            </summary>
        </member>
        <member name="P:Newegg.Website.DomainModel.Common.WarningInfo.WebTitle">
            <summary>
            WebTitle
            </summary>
        </member>
        <member name="P:Newegg.Website.DomainModel.Common.WarningInfo.WarningTypeID">
            <summary>
            WarningTypeID
            </summary>
        </member>
        <member name="P:Newegg.Website.DomainModel.Common.WarningInfo.WebDescription">
            <summary>
            WebDescription
            </summary>
        </member>
        <member name="P:Newegg.Website.DomainModel.Common.WarningInfo.SellerPortalDescription">
            <summary>
            SellerPortalDescription
            </summary>
        </member>
        <member name="P:Newegg.Website.DomainModel.Common.WarningInfo.Priority">
            <summary>
            Priority
            </summary>
        </member>
        <member name="P:Newegg.Website.DomainModel.Common.WarningInfo.GroupID">
            <summary>
            GroupID
            </summary>
        </member>
        <member name="P:Newegg.Website.DomainModel.Common.WarningInfo.Status">
            <summary>
            Status
            </summary>
        </member>
        <member name="P:Newegg.Website.DomainModel.Common.WarningInfo.ItemNumber">
            <summary>
            ItemNumber
            </summary>
        </member>
        <member name="T:Newegg.Website.DomainModel.Shopping.Order.OrderProcessingStepInfo">
            <summary>
            
            </summary>
        </member>
        <member name="P:Newegg.Website.DomainModel.Shopping.Order.OrderProcessingStepInfo.CreditCardVerifyMark">
            <summary>
            
            </summary>
        </member>
        <member name="P:Newegg.Website.DomainModel.Shopping.Order.OrderProcessingStepInfo.AcctPostUser">
            <summary>
            
            </summary>
        </member>
        <member name="P:Newegg.Website.DomainModel.Shopping.Order.OrderProcessingStepInfo.InvoiceNumber">
            <summary>
            
            </summary>
        </member>
        <member name="P:Newegg.Website.DomainModel.Shopping.Order.OrderProcessingStepInfo.InternalStatus">
            <summary>
            
            </summary>
        </member>
        <member name="P:Newegg.Website.DomainModel.Shopping.Order.OrderProcessingStepInfo.TransStatus">
            <summary>
            
            </summary>
        </member>
        <member name="P:Newegg.Website.DomainModel.Shopping.Order.OrderProcessingStepInfo.OrderCustomPO">
            <summary>
            
            </summary>
        </member>
        <member name="P:Newegg.Website.DomainModel.Shopping.Order.OrderProcessingStepInfo.OrderProcessType">
            <summary>
            
            </summary>
        </member>
        <member name="P:Newegg.Website.DomainModel.Shopping.Order.OrderProcessingStepInfo.ProcessStatus">
            <summary>
            
            </summary>
        </member>
        <member name="P:Newegg.Website.DomainModel.Shopping.Order.OrderProcessingStepInfo.RelatedItemInfoList">
            <summary>
            
            </summary>
        </member>
        <member name="P:Newegg.Website.DomainModel.Shopping.Order.OrderProcessingStepInfo.RequestDate">
            <summary>
            
            </summary>
        </member>
        <member name="P:Newegg.Website.DomainModel.Shopping.Order.OrderProcessingStepInfo.RequestNumber">
            <summary>
            
            </summary>
        </member>
        <member name="P:Newegg.Website.DomainModel.Shopping.Order.OrderProcessingStepInfo.RMAActionType">
            <summary>
            
            </summary>
        </member>
        <member name="P:Newegg.Website.DomainModel.Shopping.Order.OrderProcessingStepInfo.TotalAmount">
            <summary>
            
            </summary>
        </member>
        <member name="P:Newegg.Website.DomainModel.Shopping.Order.OrderProcessingStepInfo.CurrencyTotalAmount">
            <summary>
            Total amount in currency
            </summary>
        </member>
        <member name="P:Newegg.Website.DomainModel.Shopping.Order.OrderProcessingStepInfo.ProcessType">
            <summary>
            
            </summary>
        </member>
        <member name="P:Newegg.Website.DomainModel.Shopping.Order.OrderProcessingStepInfo.PreOrderProccessType">
            <summary>
            
            </summary>
        </member>
        <member name="P:Newegg.Website.DomainModel.Shopping.Order.OrderProcessingStepInfo.PickupStatus">
            <summary>
            For Will Call
             R: Ready for pickup
             P: Picked up
            </summary>
        </member>
        <member name="P:Newegg.Website.DomainModel.Shopping.Order.OrderProcessingStepInfo.IsWillCallShipped">
            <summary>
            Shipped -- 7 days after Ready for Pick up
            </summary>
        </member>
        <member name="F:Newegg.Website.DomainModel.Order.OrderStatusType.O">
            <summary>
            Order Verification
            </summary>
        </member>
        <member name="F:Newegg.Website.DomainModel.Order.OrderStatusType.U">
            <summary>
            On Hold – Updated Information Required
            </summary>
        </member>
        <member name="F:Newegg.Website.DomainModel.Order.OrderStatusType.P">
            <summary>
            On Hold – Please Call Customer Service (800) 390-1119
            </summary>
        </member>
        <member name="F:Newegg.Website.DomainModel.Order.OrderStatusType.D">
             <summary>
            On Hold – Payment Declined 
             </summary>
        </member>
        <member name="F:Newegg.Website.DomainModel.Order.OrderStatusType.H">
            <summary>
            On Hold
            </summary>
        </member>
        <member name="F:Newegg.Website.DomainModel.Order.OrderStatusType.V">
             <summary>
            Voided 
             </summary>
        </member>
        <member name="F:Newegg.Website.DomainModel.Order.OrderStatusType.PK">
            <summary>
            Packaging
            </summary>
        </member>
        <member name="F:Newegg.Website.DomainModel.Order.OrderStatusType.RPU">
            <summary>
            Ready for Pickup
            </summary>
        </member>
        <member name="F:Newegg.Website.DomainModel.Order.OrderStatusType.PU">
            <summary>
            Picked Up
            </summary>
        </member>
        <member name="F:Newegg.Website.DomainModel.Order.OrderStatusType.UC">
            <summary>
            Unclaimed
            </summary>
        </member>
        <member name="F:Newegg.Website.DomainModel.Order.OrderStatusType.S">
            <summary>
            Shipped
            </summary>
        </member>
        <member name="F:Newegg.Website.DomainModel.Order.OrderStatusType.HW">
            <summary>
            On Hold(Will Call)
            </summary>
        </member>
        <member name="F:Newegg.Website.DomainModel.PageUrlAlias.InvalidUrl">
            <summary>
            not a valid page, for internal use only.
            </summary>
        </member>
        <member name="F:Newegg.Website.DomainModel.PageUrlAlias.Homepage">
            <summary>
            Home page, /default.aspx
            </summary>
        </member>
        <member name="F:Newegg.Website.DomainModel.PageUrlAlias.DailyDeal">
            <summary>
            /DailyDeal.aspx, old [/index.aspx]
            </summary>
        </member>
        <member name="P:Newegg.Website.DomainModel.Product.MailinRebateInfo.Description">
            <summary>
            Link.
            </summary>
        </member>
        <member name="P:Newegg.Website.DomainModel.Product.DetailedMailinRebateInfo.Description">
            <summary>
            Link.
            </summary>
        </member>
        <member name="P:Newegg.Website.DomainModel.Product.EDIMicrosoftOrderLogInfo.SkuNumber">
            <summary>
            SKU Number
            </summary>
        </member>
        <member name="P:Newegg.Website.DomainModel.Product.EDIMicrosoftOrderLogInfo.OrderNumber">
            <summary>
            OrderNumber.
            </summary>
        </member>
        <member name="P:Newegg.Website.DomainModel.Product.EDIMicrosoftOrderLogInfo.ItemNumber">
            <summary>
            ItemNumber.
            </summary>
        </member>
        <member name="P:Newegg.Website.DomainModel.Product.EDIMicrosoftOrderLogInfo.Token">
            <summary>
            Token.
            </summary>
        </member>
        <member name="T:Newegg.Website.DomainModel.Product.MapPriceMark">
            <summary>
            Manufacturer Advertised Price Mark 
            </summary>
        </member>
        <member name="F:Newegg.Website.DomainModel.Product.MapPriceMark.NOMAPPrice">
            <summary>
            NO MAP Price
            </summary>
        </member>
        <member name="F:Newegg.Website.DomainModel.Product.MapPriceMark.MAPPrice">
            <summary>
            MAP Price
            </summary>
        </member>
        <member name="F:Newegg.Website.DomainModel.Product.MapPriceMark.SecureCheckoutMAP">
            <summary>
            Secure Checkout MAP
            </summary>
        </member>
        <member name="P:Newegg.Website.DomainModel.Product.ProductBaseInfo.Weight">
            <summary>
            item weight
            </summary>
        </member>
        <member name="P:Newegg.Website.DomainModel.Product.ProductBaseInfo.ItemNumber">
            <summary>
            internal item number used in db
            </summary>
        </member>
        <member name="P:Newegg.Website.DomainModel.Product.ProductBaseInfo.NeweggItemNumber">
            <summary>
            for display
            </summary>
        </member>
        <member name="P:Newegg.Website.DomainModel.Product.ProductBaseInfo.OriginalPrice">
            <summary>
            Original Price 
            </summary>
        </member>
        <member name="P:Newegg.Website.DomainModel.Product.ProductBaseInfo.WarningInfos">
            <summary>
            WarningInfo
            </summary>
        </member>
        <member name="P:Newegg.Website.DomainModel.Product.ProductBaseInfo.StartTime">
            <summary>
            PreOrder item start time
            </summary>
        </member>
        <member name="P:Newegg.Website.DomainModel.Product.ProductBaseInfo.ConvertTime">
            <summary>
            PreOrder item Convert Time
            </summary>
        </member>
        <member name="P:Newegg.Website.DomainModel.Product.ProductBaseInfo.ReleaseTime">
            <summary>
            PreOrder item Release Time
            </summary>
        </member>
        <member name="P:Newegg.Website.DomainModel.Product.ProductBaseInfo.ConvertCompleteFlag">
            <summary>
            PreOrder item ConvertCompleteFlag
            </summary>
        </member>
        <member name="P:Newegg.Website.DomainModel.Product.ProductBaseInfo.MaxQty4Promo">
            <summary>
            PreOrder item MaxQty4Promo
            </summary>
        </member>
        <member name="P:Newegg.Website.DomainModel.Product.ProductBaseInfo.CanPreorder">
            <summary>
            New Can PreOrder
            </summary>
        </member>
        <member name="P:Newegg.Website.DomainModel.Product.ProductBaseInfo.CanAddToCart">
            <summary>
            Check if Can Add To Cart
            </summary>
        </member>
        <member name="P:Newegg.Website.DomainModel.Product.ProductBaseInfo.CanAutoNotify">
            <summary>
            Check if Can AutoNotify
            </summary>
        </member>
        <member name="P:Newegg.Website.DomainModel.Product.ProductBaseInfo.VF_Avail">
            <summary>
            VF Avail
            </summary>
        </member>
        <member name="P:Newegg.Website.DomainModel.Product.WebProductBaseInfo.MailinRebates">
            <summary>
            Returns an empty array if no mailin rebate exists.
            BLL
            </summary>
        </member>
        <member name="P:Newegg.Website.DomainModel.Product.WebProductBaseInfo.NumberOfReviews">
            <summary>
            Gets or sets the number of reviews.
            </summary>
            <value>The number of reviews, also called Humman Rating.</value>
        </member>
        <member name="P:Newegg.Website.DomainModel.Product.ProductCellInfo.SpecSummary">
            <summary>
            Gets or sets the spec summary.
            </summary>
            <value>The spec summary, also called View Description.</value>
        </member>
        <member name="P:Newegg.Website.DomainModel.NewMyAccount.PurchasedItemInfo.PromotionPrice1">
            <summary>
            Gets or sets the promotion price1.
            </summary>
            <value>The promotion price1.</value>
        </member>
        <member name="P:Newegg.Website.DomainModel.NewMyAccount.PurchasedItemInfo.PromotionQty1">
            <summary>
            Gets or sets the promotion qty1.
            </summary>
            <value>The promotion qty1.</value>
        </member>
        <member name="P:Newegg.Website.DomainModel.NewMyAccount.PurchasedItemInfo.PromotionShipping1">
            <summary>
            Gets or sets the promotion shipping1.
            </summary>
            <value>The promotion shipping1.</value>
        </member>
        <member name="P:Newegg.Website.DomainModel.NewMyAccount.PurchasedItemInfo.PromotionPrice2">
            <summary>
            Gets or sets the promotion price2.
            </summary>
            <value>The promotion price2.</value>
        </member>
        <member name="P:Newegg.Website.DomainModel.NewMyAccount.PurchasedItemInfo.PromotionQty2">
            <summary>
            Gets or sets the promotion qty2.
            </summary>
            <value>The promotion qty2.</value>
        </member>
        <member name="P:Newegg.Website.DomainModel.NewMyAccount.PurchasedItemInfo.PromotionShipping2">
            <summary>
            Gets or sets the promotion shipping2.
            </summary>
            <value>The promotion shipping2.</value>
        </member>
        <member name="P:Newegg.Website.DomainModel.NewMyAccount.PurchasedItemInfo.PromotionPrice3">
            <summary>
            Gets or sets the promotion price3.
            </summary>
            <value>The promotion price3.</value>
        </member>
        <member name="P:Newegg.Website.DomainModel.NewMyAccount.PurchasedItemInfo.PromotionQty3">
            <summary>
            Gets or sets the promotion qty3.
            </summary>
            <value>The promotion qty3.</value>
        </member>
        <member name="P:Newegg.Website.DomainModel.NewMyAccount.PurchasedItemInfo.PromotionShipping3">
            <summary>
            Gets or sets the promotion shipping3.
            </summary>
            <value>The promotion shipping3.</value>
        </member>
        <member name="P:Newegg.Website.DomainModel.Search.BreadcrumbItem.StoreType">
            <summary>
            Gets or sets the type of the store.
            </summary>
            <value>The type of the store.</value>
        </member>
        <member name="P:Newegg.Website.DomainModel.Search.BreadcrumbItem.PageUrlAlias">
            <summary>
            Gets the page URL alias. Is not used, always return InvalidUrl.
            </summary>
            <value>The page URL alias.</value>
        </member>
        <member name="P:Newegg.Website.DomainModel.Search.BreadcrumbItem.CanBeRemove">
            <summary>
            Gets or sets a value indicating whether this instance can be remove.
            </summary>
            <value>
            	<c>true</c> if this instance can be remove; otherwise, <c>false</c>.
            </value>
        </member>
        <member name="P:Newegg.Website.DomainModel.Search.BreadcrumbItem.DimensionValues">
            <summary>
            Gets or sets the dimension values.
            </summary>
            <value>The dimension values.</value>
        </member>
        <member name="P:Newegg.Website.DomainModel.Search.BreadcrumbItem.DimensionId">
            <summary>
            Gets or sets the dimension id.
            </summary>
            <value>The dimension id.</value>
        </member>
        <member name="P:Newegg.Website.DomainModel.Search.BreadcrumbItem.RangeParentId">
            <summary>
            Gets or sets the range parent id.
            </summary>
            <value>The range parent id.</value>
        </member>
        <member name="P:Newegg.Website.DomainModel.Search.EndecaDimensionValues.SpecialTabStoreType">
            <summary>
            Special Tab Store Type
            </summary>
        </member>
        <member name="P:Newegg.Website.DomainModel.Store.NavigationItem.PageUrlAlias">
            <summary>
            Gets or sets the page URL alias.
            </summary>
            <value>The page URL alias.</value>
        </member>
        <member name="P:Newegg.Website.DomainModel.Store.NavigationItem.Description">
            <summary>
            Gets or sets the description.
            </summary>
            <value>The description.</value>
        </member>
        <member name="P:Newegg.Website.DomainModel.Store.NavigationItem.DepaId">
            <summary>
            Gets or sets the depa id.
            </summary>
            <value>The depa id.</value>
        </member>
        <member name="P:Newegg.Website.DomainModel.Store.NavigationItem.CategoryId">
            <summary>
            Gets or sets the category id.
            </summary>
            <value>The category id.</value>
        </member>
        <member name="P:Newegg.Website.DomainModel.Store.NavigationItem.SubCategoryId">
            <summary>
            Gets or sets the sub category id.
            </summary>
            <value>The sub category id.</value>
        </member>
        <member name="P:Newegg.Website.DomainModel.Store.NavigationItem.BrandId">
            <summary>
            Gets or sets the brand id.
            </summary>
            <value>The brand id.</value>
        </member>
        <member name="P:Newegg.Website.DomainModel.Store.NavigationItem.StoreType">
            <summary>
            Gets or sets the type of the store.
            </summary>
            <value>The type of the store.</value>
        </member>
        <member name="P:Newegg.Website.DomainModel.Store.NavigationItem.DisplaySection">
            <summary>
            Gets or sets the DisplaySection.
            0:normal display
            1:display in "more" section
            </summary>
            <value>0,1</value>
        </member>
        <member name="P:Newegg.Website.DomainModel.Store.NavigationItem.TargetType">
            <summary>
            Gets or sets the type of the target.
            </summary>
            <value>The type of the target.</value>
        </member>
        <member name="M:Newegg.Website.DomainModel.Search.SearchNavigationItem.CompareTo(Newegg.Website.DomainModel.Search.SearchNavigationItem)">
            <summary>
            Compares the current object with another object of the same type.
            </summary>
            <param name="other">An object to compare with this object.</param>
            <returns>
            A 32-bit signed integer that indicates the relative order of the objects being compared. The return value has the following meanings: Value Meaning Less than zero This object is less than the other parameter.Zero This object is equal to other. Greater than zero This object is greater than other.
            </returns>
        </member>
        <member name="P:Newegg.Website.DomainModel.Search.SearchNavigationItem.ElementName">
            <summary>
            Gets or sets the element name of the form control (e.g. dropdownlist).
            </summary>
            <value>The name of the element.</value>
        </member>
        <member name="P:Newegg.Website.DomainModel.Search.SearchNavigationItem.ElementValue">
            <summary>
            Gets or sets the element value of the form control (e.g. dropdownlist).
            </summary>
            <value>The element value.</value>
        </member>
        <member name="P:Newegg.Website.DomainModel.Search.SearchNavigationItem.ItemCount">
            <summary>
            if ItemCount is 0, do not display the number.
            </summary>
        </member>
        <member name="P:Newegg.Website.DomainModel.Search.SearchNavigationItem.CustomLink">
            <summary>
            Gets or sets the custom link.
            Do not render if null.
            </summary>
            <value>The custom link.</value>
        </member>
        <member name="P:Newegg.Website.DomainModel.Search.SearchNavigationItem.BoldStyle">
            <summary>
            Gets or sets a value indicating whether [bold style].
            </summary>
            <value><c>true</c> if [bold style]; otherwise, <c>false</c>.</value>
        </member>
        <member name="P:Newegg.Website.DomainModel.Search.SearchNavigationItem.DimensionValues">
            <summary>
            Gets or sets the endeca dimension values.
            </summary>
            <value>The endeca dimension values.</value>
        </member>
        <member name="T:Newegg.Website.DomainModel.Store.IPageInfo">
            <summary>
            Contains information that is used to render a web page.
            </summary>
        </member>
        <member name="P:Newegg.Website.DomainModel.Store.IPageInfo.PageTitle">
            <summary>
            Gets the title of the page.
            </summary>
        </member>
        <member name="P:Newegg.Website.DomainModel.Store.IPageInfo.PageDescription">
            <summary>
            Gets the description of the page
            </summary>
        </member>
        <member name="P:Newegg.Website.DomainModel.Store.IPageInfo.PageKeywords">
            <summary>
            Gets the keywords of the page. for SEO.
            </summary>
        </member>
        <member name="P:Newegg.Website.DomainModel.Store.IPageInfo.PageCopyright">
            <summary>
            Gets the copyright of the page.
            Note: currently not used.
            </summary>
        </member>
        <member name="P:Newegg.Website.DomainModel.Store.IPageInfo.PageIcon">
            <summary>
            Gets the page icon url. can be empty or null which instructs the page not to render a page icon.
            </summary>
        </member>
        <member name="P:Newegg.Website.DomainModel.Store.NavigationContainer`1.TitleItem">
            <summary>
            Gets or sets the title item.
            </summary>
            <value>The title item.</value>
        </member>
        <member name="P:Newegg.Website.DomainModel.Store.NavigationContainer`1.Items">
            <summary>
            Gets or sets the items.
            </summary>
            <value>The items.</value>
        </member>
        <member name="P:Newegg.Website.DomainModel.Store.PageInfo.PageCopyright">
            <summary>
            Gets the copyright of the page.
            Note: currently not used.
            </summary>
            <value></value>
        </member>
        <member name="T:Newegg.Website.DomainModel.Store.StoreDepa">
            <summary>
            store department
            </summary>
        </member>
        <member name="F:Newegg.Website.DomainModel.Store.StoreType.InvalidStoreType">
            <summary>
            for internal use only. do not serialize.
            </summary>
        </member>
    </members>
</doc>
