<?xml version="1.0"?>
<doc>
    <assembly>
        <name>Newegg.Website.DomainModel.SSL.AntiPriceII</name>
    </assembly>
    <members>
        <member name="T:TekHill.CacheEntity.EC.WWW.AntiPrice.ECCacheAntiPriceIIAbandonedItem">
            <summary>ECCacheAntiPriceIIAbandonedItem
            This entiy code is generated by codesmith 3.2 . this entity is ECCacheAntiPriceIIAbandonedItem.
            </summary>
        </member>
        <member name="T:TekHill.CacheEntity.EC.WWW.AntiPrice.ECCacheAntiPriceIICaptchaImage">
            <summary>ECCacheAntiPriceIICaptchaImage
            This entiy code is generated by codesmith 3.2 . this entity is ECCacheAntiPriceIICaptchaImage.
            </summary>
        </member>
        <member name="T:TekHill.CacheEntity.EC.WWW.AntiPrice.ECCacheAntiPriceIICartedItem">
            <summary>ECCacheAntiPriceIICartedItem
            This entiy code is generated by codesmith 3.2 . this entity is ECCacheAntiPriceIICartedItem.
            </summary>
        </member>
        <member name="T:TekHill.CacheEntity.EC.WWW.AntiPrice.ECCacheAntiPriceIIHistoryRequestList">
            <summary>ECCacheAntiPriceIIHistoryRequestList
            This entiy code is generated by codesmith 3.2 . this entity is ECCacheAntiPriceIIHistoryRequestList.
            </summary>
        </member>
        <member name="T:TekHill.CacheEntity.EC.WWW.AntiPrice.ECCacheAntiPriceIIHourRequestSummaryForCookie">
            <summary>ECCacheAntiPriceIIHourRequestSummaryForCookie
            This entiy code is generated by codesmith 3.2 . this entity is ECCacheAntiPriceIIHourRequestSummaryForCookie.
            </summary>
        </member>
        <member name="T:TekHill.CacheEntity.EC.WWW.AntiPrice.ECCacheAntiPriceIIHourRequestSummaryForIP">
            <summary>ECCacheAntiPriceIIHourRequestSummaryForIP
            This entiy code is generated by codesmith 3.2 . this entity is ECCacheAntiPriceIIHourRequestSummaryForIP.
            </summary>
        </member>
        <member name="T:TekHill.CacheEntity.EC.WWW.AntiPrice.ECCacheAntiPriceIIIPAddressList">
            <summary>ECCacheAntiPriceIIIPAddressList
            This entiy code is generated by codesmith 3.2 . this entity is ECCacheAntiPriceIIIPAddressList.
            </summary>
        </member>
        <member name="T:TekHill.CacheEntity.EC.WWW.AntiPrice.ECCacheAntiPriceIIRequestList">
            <summary>ECCacheAntiPriceIIRequestList
            This entiy code is generated by codesmith 3.2 . this entity is ECCacheAntiPriceIIRequestList.
            </summary>
        </member>
        <member name="T:TekHill.CacheEntity.EC.WWW.AntiPrice.ECCacheAntiPriceIIRequestsSummary">
            <summary>ECCacheAntiPriceIIRequestsSummary
            This entiy code is generated by codesmith 3.2 . this entity is ECCacheAntiPriceIIRequestsSummary.
            </summary>
        </member>
        <member name="T:TekHill.CacheEntity.EC.WWW.AntiPrice.ECCacheAntiPriceIIRequestsSummaryForCookie">
            <summary>ECCacheAntiPriceIIRequestsSummaryForCookie
            This entiy code is generated by codesmith 3.2 . this entity is ECCacheAntiPriceIIRequestsSummaryForCookie.
            </summary>
        </member>
        <member name="T:TekHill.CacheEntity.EC.WWW.AntiPrice.ECCacheAntiPriceIIRequestsSummaryForIP">
            <summary>ECCacheAntiPriceIIRequestsSummaryForIP
            This entiy code is generated by codesmith 3.2 . this entity is ECCacheAntiPriceIIRequestsSummaryForIP.
            </summary>
        </member>
        <member name="T:TekHill.CacheEntity.EC.WWW.AntiPrice.ECCacheAntiPriceIITenMinutesRequestSummaryForCookie">
            <summary>ECCacheAntiPriceIITenMinutesRequestSummaryForCookie
            This entiy code is generated by codesmith 3.2 . this entity is ECCacheAntiPriceIITenMinutesRequestSummaryForCookie.
            </summary>
        </member>
        <member name="T:TekHill.CacheEntity.EC.WWW.AntiPrice.ECCacheAntiPriceIITenMinutesRequestSummaryForIP">
            <summary>ECCacheAntiPriceIITenMinutesRequestSummaryForIP
            This entiy code is generated by codesmith 3.2 . this entity is ECCacheAntiPriceIITenMinutesRequestSummaryForIP.
            </summary>
        </member>
        <member name="T:TekHill.CacheEntity.EC.WWW.AntiPrice.ECCacheAntiPriceIITokenForCookie">
            <summary>ECCacheAntiPriceIITokenForCookie
            This entiy code is generated by codesmith 3.2 . this entity is ECCacheAntiPriceIITokenForCookie.
            </summary>
        </member>
        <member name="T:TekHill.CacheEntity.EC.WWW.AntiPrice.ECCacheAntiPriceIIValidateCodeForCookie">
            <summary>ECCacheAntiPriceIIValidateCodeForCookie
            This entiy code is generated by codesmith 3.2 . this entity is ECCacheAntiPriceIIValidateCodeForCookie.
            </summary>
        </member>
    </members>
</doc>
