<?xml version="1.0"?>
<doc>
    <assembly>
        <name>Newegg.Website.Web.HttpFilter</name>
    </assembly>
    <members>
        <member name="M:Newegg.Website.Web.HttpFilter.RedirectModule.BuildLeftAuthority(System.Uri)">
            <summary>
            eg : 
            1)   Input :  "http://www.newegg.com:8080/Index.aspx?name=Index"
                 Output:  "http://wwww.newegg.com"   
            2)   Input :  "http://localhost:7812/Newegg.Website.UI/Index.aspx?name=Index"
                 Output:  "http://localhost:7812";
            </summary>
            <param name="sourceUrl"></param>
            <returns></returns>
        </member>
        <member name="M:Newegg.Website.Web.HttpFilter.RedirectModule.SplitQuery(System.String)">
            <summary>
            eg : 
            1)Input ""
            2)Input "?name=Index"
            Method will throw when query is not start "?".
            </summary>
            <param name="query"></param>
            <returns></returns>
        </member>
        <member name="M:Newegg.Website.Web.HttpFilter.RedirectModule.ContainQuery(System.Collections.Generic.List{System.String},System.Collections.Generic.List{System.String})">
            <summary>
            All a1 element in a2 array return true,otherwise false;
            </summary>
            <param name="a1"></param>
            <param name="a2"></param>
            <returns></returns>
        </member>
        <member name="M:Newegg.Website.Web.HttpFilter.RedirectModule.ContainsFileName(System.String)">
            <summary>
             If the specified url contains file name then return true, otherwise false.
             eg :
             1) Input : Url = /folder 
                Output: true
             2) Input : Url = /folder/index.aspx
                Output: false
            </summary>
            <param name="url">The specified url</param>
            <returns></returns>
        </member>
        <member name="P:Newegg.Website.Web.HttpFilter.RedirectModule.LocalPathUrl">
            <summary>
            remove application path when local url
            </summary>
        </member>
    </members>
</doc>
