<?xml version="1.0"?>
<doc>
    <assembly>
        <name>Newegg.Website.Web.GomezLogHttpModule</name>
    </assembly>
    <members>
        <member name="T:Newegg.Website.Web.GomezLogHttpModule.Configuration.ConfigurationManager">
            <summary>
            Provides configuraton info for the newegg site.
            </summary>
        </member>
        <member name="T:Newegg.Website.Web.GomezLogHttpModule.Configuration.ConfigurationManager.InternalConfiguration">
            <summary>
            this is the adaptee class that implemented the actual property interfaces.
            all properties are instance properties.
            </summary>
        </member>
    </members>
</doc>
