<?xml version="1.0"?>
<doc>
    <assembly>
        <name>Newegg.Website.Utility.LogTraceListener</name>
    </assembly>
    <members>
        <member name="T:Newegg.Website.Utility.LogTraceListener.Configuration.ConfigurationManager">
            <summary>
            Provides configuraton info for the newegg site.
            </summary>
        </member>
        <member name="T:Newegg.Website.Utility.LogTraceListener.Configuration.ConfigurationManager.InternalConfiguration">
            <summary>
            this is the adaptee class that implemented the actual property interfaces.
            all properties are instance properties.
            </summary>
        </member>
        <member name="M:Newegg.Website.Utility.LogTraceListener.GomezLogFormatter.Format(Microsoft.Practices.EnterpriseLibrary.Logging.LogEntry)">
            <summary>
            Gomez:Formats a log entry and return a string to be outputted.
            </summary>
            <param name="log">Log entry to format.</param>
            <returns>A string representing the log entry.</returns>
        </member>
        <member name="M:Newegg.Website.Utility.LogTraceListener.LogEntryFileWriter.GetLogFileName(Microsoft.Practices.EnterpriseLibrary.Logging.LogEntry)">
            <summary>
            获取格式化的日志文件的名字。
            </summary>
            <param name="logEntry">日志信息。</param>
            <returns>格式化的日志文件的名字。</returns>
        </member>
        <member name="M:Newegg.Website.Utility.LogTraceListener.LogEntryFormatter.SetLogFormatter(Microsoft.Practices.EnterpriseLibrary.Logging.LogEntry,Microsoft.Practices.EnterpriseLibrary.Logging.Formatters.ILogFormatter)">
            <summary>
            Cannot be null.
            </summary>
        </member>
        <member name="T:Newegg.Website.Utility.LogTraceListener.LogService">
            <remarks/>
        </member>
        <member name="M:Newegg.Website.Utility.LogTraceListener.LogService.#ctor">
            <remarks/>
        </member>
        <member name="M:Newegg.Website.Utility.LogTraceListener.LogService.Send(System.String,System.String)">
            <remarks/>
        </member>
        <member name="M:Newegg.Website.Utility.LogTraceListener.LogService.BeginSend(System.String,System.String,System.AsyncCallback,System.Object)">
            <remarks/>
        </member>
        <member name="M:Newegg.Website.Utility.LogTraceListener.LogService.EndSend(System.IAsyncResult)">
            <remarks/>
        </member>
        <member name="M:Newegg.Website.Utility.LogTraceListener.LogService.SendAsync(System.String,System.String)">
            <remarks/>
        </member>
        <member name="M:Newegg.Website.Utility.LogTraceListener.LogService.SendAsync(System.String,System.String,System.Object)">
            <remarks/>
        </member>
        <member name="M:Newegg.Website.Utility.LogTraceListener.LogService.SelfCheck">
            <remarks/>
        </member>
        <member name="M:Newegg.Website.Utility.LogTraceListener.LogService.BeginSelfCheck(System.AsyncCallback,System.Object)">
            <remarks/>
        </member>
        <member name="M:Newegg.Website.Utility.LogTraceListener.LogService.EndSelfCheck(System.IAsyncResult)">
            <remarks/>
        </member>
        <member name="M:Newegg.Website.Utility.LogTraceListener.LogService.SelfCheckAsync">
            <remarks/>
        </member>
        <member name="M:Newegg.Website.Utility.LogTraceListener.LogService.SelfCheckAsync(System.Object)">
            <remarks/>
        </member>
        <member name="M:Newegg.Website.Utility.LogTraceListener.LogService.CancelAsync(System.Object)">
            <remarks/>
        </member>
        <member name="E:Newegg.Website.Utility.LogTraceListener.LogService.SendCompleted">
            <remarks/>
        </member>
        <member name="E:Newegg.Website.Utility.LogTraceListener.LogService.SelfCheckCompleted">
            <remarks/>
        </member>
        <member name="T:Newegg.Website.Utility.LogTraceListener.SendCompletedEventHandler">
            <remarks/>
        </member>
        <member name="T:Newegg.Website.Utility.LogTraceListener.SelfCheckCompletedEventHandler">
            <remarks/>
        </member>
        <member name="T:Newegg.Website.Utility.LogTraceListener.SelfCheckCompletedEventArgs">
            <remarks/>
        </member>
        <member name="P:Newegg.Website.Utility.LogTraceListener.SelfCheckCompletedEventArgs.Result">
            <remarks/>
        </member>
        <member name="M:Newegg.Website.Utility.LogTraceListener.Utility.IsGomezLog(Microsoft.Practices.EnterpriseLibrary.Logging.LogEntry)">
            <summary>
            is gomez log.
            </summary>
            <param name="logEntry"></param>
            <returns></returns>
        </member>
        <member name="M:Newegg.Website.Utility.LogTraceListener.XmlFormatter.Format(Microsoft.Practices.EnterpriseLibrary.Logging.LogEntry)">
            <summary>
            Formats a log entry and return a string to be outputted.
            </summary>
            <param name="log">Log entry to format.</param>
            <returns>A string representing the log entry.</returns>
        </member>
    </members>
</doc>
