<?xml version="1.0"?>
<doc>
    <assembly>
        <name>Newegg.Framework.Web</name>
    </assembly>
    <members>
        <member name="T:Newegg.Framework.Web.BrowserApplication">
            <summary>
            Specifies what application the web browser is.
            </summary>
        </member>
        <member name="F:Newegg.Framework.Web.BrowserApplication.InternetExplorer">
            <summary>
            Internet explorer
            </summary>
        </member>
        <member name="F:Newegg.Framework.Web.BrowserApplication.Firefox">
            <summary>
            Firefox
            </summary>
        </member>
        <member name="F:Newegg.Framework.Web.BrowserApplication.Thunderbird">
            <summary>
            Thunderbird, actually an email client, sometimes has its own identity
            </summary>
        </member>
        <member name="F:Newegg.Framework.Web.BrowserApplication.Mozilla">
            <summary>
            Mozilla, now SeaMonkey
            </summary>
        </member>
        <member name="F:Newegg.Framework.Web.BrowserApplication.Opera">
            <summary>
            Opera
            </summary>
        </member>
        <member name="F:Newegg.Framework.Web.BrowserApplication.Netscape">
            <summary>
            Netscape
            </summary>
        </member>
        <member name="F:Newegg.Framework.Web.BrowserApplication.Firebird">
            <summary>
            Firebird, predecessor of Firefox
            </summary>
        </member>
        <member name="F:Newegg.Framework.Web.BrowserApplication.Safari">
            <summary>
            Safari
            </summary>
        </member>
        <member name="F:Newegg.Framework.Web.BrowserApplication.Lynx">
            <summary>
            Lynx, a text-based http agent
            </summary>
        </member>
        <member name="F:Newegg.Framework.Web.BrowserApplication.Konqueror">
            <summary>
            Konqueror
            </summary>
        </member>
        <member name="F:Newegg.Framework.Web.BrowserApplication.OmniWeb">
            <summary>
            OmniWeb
            </summary>
        </member>
        <member name="F:Newegg.Framework.Web.BrowserApplication.WebTV">
            <summary>
            Web TV
            </summary>
        </member>
        <member name="F:Newegg.Framework.Web.BrowserApplication.iCab">
            <summary>
            iCab
            </summary>
        </member>
        <member name="F:Newegg.Framework.Web.BrowserApplication.Chrome">
            <summary>
            Chrome
            </summary>
        </member>
        <member name="F:Newegg.Framework.Web.BrowserApplication.Unrecognized">
            <summary>
            Not recognized.
            </summary>
        </member>
        <member name="T:Newegg.Framework.Web.BrowserEngine">
            <summary>
            Specifies what engine the browser is using.
            </summary>
        </member>
        <member name="F:Newegg.Framework.Web.BrowserEngine.MSIE">
            <summary>
            Internet Explorer family, IE, WebTV
            </summary>
        </member>
        <member name="F:Newegg.Framework.Web.BrowserEngine.Gecko">
            <summary>
            Gecko family, netscape, mozilla, firefox, etc
            </summary>
        </member>
        <member name="F:Newegg.Framework.Web.BrowserEngine.Opera">
            <summary>
            Opera. Opera's proprietary rendering engine.
            </summary>
        </member>
        <member name="F:Newegg.Framework.Web.BrowserEngine.KHTML">
            <summary>
            KHTML family. konqueror, safari, OmniWeb
            </summary>
        </member>
        <member name="F:Newegg.Framework.Web.BrowserEngine.Lynx">
            <summary>
            Lynx.
            </summary>
        </member>
        <member name="F:Newegg.Framework.Web.BrowserEngine.iCab">
            <summary>
            iCab
            </summary>
        </member>
        <member name="F:Newegg.Framework.Web.BrowserEngine.Unrecognized">
            <summary>
            not recognized.
            </summary>
        </member>
        <member name="T:Newegg.Framework.Web.BrowserInfo">
            <summary>
            Represents the browser infomation, to be more exact, the HTTP agent the user is using. 
            </summary>
        </member>
        <member name="M:Newegg.Framework.Web.BrowserInfo.ToString">
            <summary>
            Returns a string indicating the browser application, engine, and version information.
            </summary>
            <returns></returns>
        </member>
        <member name="P:Newegg.Framework.Web.BrowserInfo.BrowserApplication">
            <summary>
            Gets the application type of the browser. 
            </summary>
        </member>
        <member name="P:Newegg.Framework.Web.BrowserInfo.BrowserEngine">
            <summary>
            Gets the browser engine.
            </summary>
        </member>
        <member name="P:Newegg.Framework.Web.BrowserInfo.BrowserAppVersion">
            <summary>
            Gets the version of the browser application.<br/>
            returns null if no browser info is recognized.
            </summary>
        </member>
        <member name="P:Newegg.Framework.Web.BrowserInfo.RawIdentity">
            <summary>
            Gets the raw user-agent string sent by the browser. 
            this is the same string that is used to contruct a BrowserInfo instance.
            </summary>
        </member>
        <member name="P:Newegg.Framework.Web.BrowserInfo.IsIE55OrAbove">
            <summary>
            Gets a value indicating whether this instance is IE5.5 or above.
            </summary>
            <value>
            	<c>true</c> if this instance is I e55 or above; otherwise, <c>false</c>.
            </value>
        </member>
        <member name="P:Newegg.Framework.Web.BrowserInfo.IsIE6OrAbove">
            <summary>
            Gets a value indicating whether this instance is IE6.0or above.
            </summary>
            <value>
            	<c>true</c> if this instance is Ie6 or above; otherwise, <c>false</c>.
            </value>
        </member>
        <member name="P:Newegg.Framework.Web.BrowserInfo.IsIE7OrAbove">
            <summary>
            Gets a value indicating whether this instance is IE7.0 or above.
            </summary>
            <value>
               <c>true</c> if this instance is Ie7 or above; otherwise, <c>false</c>.
            </value>
        </member>
        <member name="P:Newegg.Framework.Web.BrowserInfo.IsIE8OrAbove">
            <summary>
            Gets a value indicating whether this instance is IE8.0 or above.
            </summary>
            <value>
               <c>true</c> if this instance is Ie8 or above; otherwise, <c>false</c>.
            </value>
        </member>
        <member name="P:Newegg.Framework.Web.BrowserInfo.IsIE9OrAbove">
            <summary>
            Gets a value indicating whether this instance is IE9.0 or above.
            </summary>
            <value>
               <c>true</c> if this instance is Ie9 or above; otherwise, <c>false</c>.
            </value>
        </member>
        <member name="P:Newegg.Framework.Web.BrowserInfo.IsGomezAgent">
            <summary>
            Gets a value indicating whether this instance is gomez agent.
            </summary>
            <value>
            	<c>true</c> if this instance is gomez agent; otherwise, <c>false</c>.
            </value>
        </member>
        <member name="P:Newegg.Framework.Web.BrowserInfo.IsItouchOrIPhone">
            <summary>
            Get a value indicating whether this instance is ipod or iphone
            </summary>
            <value>
            	<c>true</c> if this instance is ipod or iphone; otherwise, <c>false</c>.
            </value>	    
        </member>
        <member name="P:Newegg.Framework.Web.BrowserInfo.IsAndroidTablet">
            <summary>
            Android tablet
            </summary>
        </member>
        <member name="T:Newegg.Framework.Web.BrowserInfoParser">
            <summary>
            Parses a given user-agent string and builds the corresponding BrowserInfo.
            </summary>
            <remarks>
            Note to the extenders:
            More todo: 
            	I:
            	there are some browsers that don't use specific identities, rather, generic agent
            	strings are used. e.g. "Mozilla/2.02 [fr] (WinNT; I)" is actually Netscape.
            	In these cases, we need to maintain a hashtable that matches each of these special
            	agent strings to their real browsers.
            	Currently we do not implement this algorithm as the above case is very rare - most 
            	modern browsers which are used on Newegg.com can be identified by a specific string.
            	II:
            	Some browsers have their application version that is different from the agent string,
            	like Safari, version 2.0.3 has the agent string "Safari/417.8".
            	If application version is vital, this feature should be added.
            </remarks>
        </member>
        <member name="M:Newegg.Framework.Web.BrowserInfoParser.ParseAppVersion(System.String,System.Int32)">
            <summary>
            parses the browser version from the specified position of the raw identity.
            returns string.Empty if no version is detected.
            </summary>
            <param name="startPosition"> the position from where to start parsing the application version.</param>
            <returns></returns>
        </member>
        <member name="M:Newegg.Framework.Web.BrowserInfoParser.DoParseBrowserApplication(System.String,System.String)">
            <summary>
            parses the browser application type.
            returns the position of the magic string in the agent string.
            -1 if no application is recognized.
            </summary>
            <param name="browserID"></param>
            <returns></returns>
        </member>
        <member name="M:Newegg.Framework.Web.Configuration.CacheProfilesElementCollection.GetCacheProfileByName(System.String)">
            <summary>
            根据CacheProfile的名称获得CacheProfile
            </summary>
            <param name="CacheProfileName">CacheProfile的名称</param>
            <returns>返回CacheProfile</returns>
        </member>
        <member name="P:Newegg.Framework.Web.Caching.ChangeCookie.Name">
            <summary>
            对应Cookie.CookieName
            </summary>
        </member>
        <member name="P:Newegg.Framework.Web.Caching.ChangeCookie.ChangeCookieValues">
            <summary>
            对应Cookie.Values
            </summary>
        </member>
        <member name="P:Newegg.Framework.Web.Caching.ChangeCookieValue.Key">
            <summary>
            对应Cookie.Values.Name
            </summary>
        </member>
        <member name="P:Newegg.Framework.Web.Caching.ChangeCookieValue.Value">
            <summary>
            对应Cookie.Values[Key].Value
            </summary>
        </member>
        <member name="M:Newegg.Framework.Web.Caching.PageCachePolicy.CheckAvailBizUnits">
            <summary>
            Check Avail BizUnits
            </summary>
            <param name="bizUnitName">BizUnit Name</param>
            <returns>Check Result</returns>
        </member>
        <member name="P:Newegg.Framework.Web.Caching.PageCachePolicy.UrlGroup">
            <summary>
            Url所属于的UrlGroup
            </summary>
        </member>
        <member name="P:Newegg.Framework.Web.Caching.PageCachePolicy.CacheProfile">
            <summary>
            给Url定义的参数，来自于UrlGroup
            </summary>
        </member>
        <member name="P:Newegg.Framework.Web.Caching.PageCachePolicy.BrowserGroups">
            <summary>
            给Url定义的参数，来自于UrlGroup
            </summary>
        </member>
        <member name="M:Newegg.Framework.Web.Caching.PageCachePolicyFactory.ReturnPageCachePolicyByUrl(Newegg.Framework.Web.Configuration.PageCacheConfiguration,System.String)">
            <summary>
            Return create page cache's policy by url
            </summary>
            <param name="PageCacheConfig">PageCache Config</param>
            <param name="Url">URL</param>
            <returns>page cache's policy</returns>
        </member>
        <member name="P:Newegg.Framework.Web.Configuration.UrlElement.UrlGroup">
            <summary>
            Url所属于的UrlGroup
            </summary>
        </member>
        <member name="M:Newegg.Framework.Web.Cookie.CookieBaseManager.IsNewVersionValue(System.String)">
            <summary>
            check version(#1,#2)
            </summary>
            <param name="cookie"></param>
            <returns></returns>
        </member>
        <member name="M:Newegg.Framework.Web.Cookie.CookieBaseManager.ConvertCookieValueToNameValueCollection(System.String)">
            <summary>
            only get two-dimension cookies
            </summary>
            <param name="cookieValue"></param>
            <returns></returns>
        </member>
        <member name="M:Newegg.Framework.Web.Cookie.CookieBaseManager.ClearDomainCookieRealValue(System.String,System.String)">
            <summary>
            clear cookie
            </summary>
            <param name="cookieName"></param>
            <param name="domainname"></param>
        </member>
        <member name="M:Newegg.Framework.Web.Cookie.CookieBaseManager.SaveOldCookieAsNewFormat(System.Web.HttpCookie,System.String,System.String,System.TimeSpan)">
            <summary>
            change old farmat cookie to new
            </summary>
            <param name="cookie"></param>
            <param name="domainname"></param>
            <param name="siteID"></param>
            <param name="expireDate"></param>
        </member>
        <member name="M:Newegg.Framework.Web.Cookie.CookieBaseManager.BuildSiteCookieFromCookieValue(System.String,System.String)">
            <summary>
            build siteCookie according to cookie value
            </summary>
            <param name="cookieValue"></param>
            <param name="siteID"></param>
            <returns></returns>
        </member>
        <member name="M:Newegg.Framework.Web.Cookie.CookieBaseManager.BuildSiteCookieFromNewCookieValue(System.String,System.String)">
            <summary>
            build siteCookie according to new cookie value 
            </summary>
            <param name="cookieValue"></param>
            <param name="siteID"></param>
            <returns></returns>
        </member>
        <member name="M:Newegg.Framework.Web.Cookie.CookieBaseManager.BuildSiteCookieFromOldCookieValue(System.String,System.String)">
            <summary>
            build siteCookie according to old cookie value
             (Warning:must think about oldCookieValue is one-dimension or two-dimension value
            ,so check whether it need to be encode )
            </summary>
            <param name="oldCookieValue">if oldCookieValue is one-dimension cookie,it need to be encode </param>
            <param name="siteID"></param>
            <returns></returns>
        </member>
        <member name="M:Newegg.Framework.Web.Cookie.ICookieManager.CopyCookieToResponse(System.String)">
            <summary>
            copy cookie from HttpRequest from HttpResponse. Call this function before setting any cookie value.
            </summary>
            <param name="cookieName">name of the cookie</param>
            <remarks>
            In ASP.Net, as request cookie is not initially copied to response cookie, if we directly 
            set a two-dimension cookie value, we may lose cookie values that are not set. 
            For example, suppose the request cookie is "storeid=5:storetype=1", which means<br/>
            	cookie["storeid"]="5", cookie["storetype"]="1"<br/>
            after we set the response cookie like: responseCookie["storetype"]="0", as response cookie is initally blank, 
            the resulting cookie value will be: <br/>
            	"storetype=0", as can be seen, "storeid" is erased.
            </remarks>
        </member>
        <member name="M:Newegg.Framework.Web.Cookie.ClassicCookieManager.CopyCookieToResponse(System.String)">
            <summary>
            copy cookie from HttpRequest from HttpResponse. Call this function before setting any cookie value.
            </summary>
            <param name="cookieName">name of the cookie</param>
            <remarks>
            In ASP.Net, as request cookie is not initially copied to response cookie, if we directly 
            set a two-dimension cookie value, we may lose cookie values that are not set. 
            For example, suppose the request cookie is "storeid=5:storetype=1", which means<br/>
            	cookie["storeid"]="5", cookie["storetype"]="1"<br/>
            after we set the response cookie like: responseCookie["storetype"]="0", as response cookie is initally blank, 
            the resulting cookie value will be: <br/>
            	"storetype=0", as can be seen, "storeid" is erased.
            </remarks>
        </member>
        <member name="M:Newegg.Framework.Web.Cookie.CookieLogger.LogEvent(System.Boolean,System.Int32,System.Object[])">
            <summary>
            log 处理
            </summary>
            <param name="issize">是否是size超出异常</param>
            <param name="eventId"></param>
            <param name="parameters"></param>
        </member>
        <member name="T:Newegg.Framework.Web.Cookie.CookieManager">
            <summary>
            Provides cookie manipulation.
            </summary>
        </member>
        <member name="M:Newegg.Framework.Web.Cookie.CookieManager.CopyCookieToResponse(System.String)">
            <summary>
            copy cookie from HttpRequest from HttpResponse. Call this function before setting any cookie value.
            </summary>
            <param name="cookieName">name of the cookie</param>
            <remarks>
            In ASP.Net, as request cookie is not initially copied to response cookie, if we directly 
            set a two-dimension cookie value, we may lose cookie values that are not set. 
            For example, suppose the request cookie is "storeid=5:storetype=1", which means<br/>
            	cookie["storeid"]="5", cookie["storetype"]="1"<br/>
            after we set the response cookie like: responseCookie["storetype"]="0", as response cookie is initally blank, 
            the resulting cookie value will be: <br/>
            	"storetype=0", as can be seen, "storeid" is erased.
            </remarks>
        </member>
        <member name="M:Newegg.Framework.Web.Cookie.CookieManager.ClearDomainCookie(System.String,System.String,System.TimeSpan)">
            <summary>
            clear one-dimension cookie
            </summary>
            <param name="cookieName"></param>
            <param name="domainName"></param>
            <param name="expireDate"></param>
        </member>
        <member name="M:Newegg.Framework.Web.Cookie.CookieManager.ClearDomainCookie(System.String,System.String,System.String,System.TimeSpan)">
            <summary>
            clear two-dimension cookie
            </summary>
            <param name="cookieName"></param> 
            <param name="index"></param>
            <param name="domainName"></param>
            <param name="expireDate"></param>
        </member>
        <member name="M:Newegg.Framework.Web.Cookie.CookieManager.SaveCookieValue(System.String,Newegg.Framework.Web.Cookie.SiteCookie,System.String,System.TimeSpan,System.Boolean)">
            <summary>
            save cookie ,if siteCookie is expired then clear,
            </summary>
            <param name="cookieName"></param>
            <param name="siteCookie"></param>
            <param name="domainName"></param>
            <param name="expireDate"></param>
            <param name="secure"></param>
        </member>
        <member name="M:Newegg.Framework.Web.Cookie.CookieWrapper.TrimCookieValuePrefix(System.String)">
            <summary>
            trim prefix
            </summary>
            <param name="cookie"></param>
            <returns></returns>
        </member>
        <member name="M:Newegg.Framework.Web.Cookie.SiteCookie.AddSiteCookie(System.String,Newegg.Framework.Web.Cookie.SiteCookieItem)">
            <summary>
            set cookie value
            </summary>
            <param name="siteID"></param>
            <param name="siteCookieItem"></param>
        </member>
        <member name="M:Newegg.Framework.Web.Cookie.SiteCookie.AddSiteCookie(System.String,System.String,System.String)">
            <summary>
            set cookie name ,value
            </summary>
            <param name="siteID"></param>
            <param name="key"></param>
            <param name="value"></param>
        </member>
        <member name="M:Newegg.Framework.Web.Cookie.SiteCookie.SetSiteCookieExpiredDate(System.String,System.DateTime)">
            <summary>
            set site cookie expired date
            </summary>
            <param name="siteID"></param>
            <param name="dt"></param>
        </member>
        <member name="M:Newegg.Framework.Web.Cookie.SiteCookie.ReSetDimension">
            <summary>
            before serializer it ,we must invoke this method first to make sure it work in a  right way
            </summary>
        </member>
        <member name="P:Newegg.Framework.Web.Cookie.SiteCookie.Item(System.String)">
            <summary>
            get siteCookieItem according to siteID,it make siteCookieItem can't be null
            </summary>
            <param name="siteID"></param>
            <returns></returns>
        </member>
        <member name="M:Newegg.Framework.Web.Cookie.SiteCookieItem.RetSetDimension">
            <summary>
            before serializer it ,we must invoke this method first to make sure it work in a  right way
            </summary>
        </member>
        <member name="T:Newegg.Framework.Web.Cookie.CustomerDateFormatInfo">
            <summary>
            custmer format to separate date with "/"
            </summary>
        </member>
        <member name="M:Newegg.Framework.Web.JavascriptUtility2.StringEncoding(System.String,Newegg.Framework.Web.StringStartedSymbol)">
            <summary>
            Encode javascript string
            </summary>
            <param name="value"></param>
            <param name="symbol"></param>
            <returns>encoded javascript string</returns>
        </member>
        <member name="M:Newegg.Framework.Web.JSON2.Serialize(System.Object)">
            <summary>
            Serialize json string
            </summary>
            <param name="value"></param>
            <returns>Json string</returns>
        </member>
        <member name="M:Newegg.Framework.Web.JSON2.Serialize(System.Object,System.String)">
            <summary>
            Serialize json string
            </summary>
            <param name="value"></param>
            <param name="customConstructor">javascript constructor</param>
            <returns>Json string</returns>
        </member>
        <member name="M:Newegg.Framework.Web.JSON2.Serialize(System.Object,System.String,System.String)">
            <summary>
            Serialize json string
            </summary>
            <param name="value"></param>
            <param name="valueNamespace">javascript namespace</param>
            <param name="customConstructor">javascript constructor</param>
            <returns>Json string</returns>
        </member>
        <member name="M:Newegg.Framework.Web.Caching.PageCacheModule.IfFileCanCache(System.String)">
            <summary>
            判断文件是否是可缓存的aspx文件
            </summary>
            <param name="ExecucatePage">实际执行的网页</param>
            <returns>是否为真</returns>
        </member>
        <member name="M:Newegg.Framework.Web.QueryStringBuilder.AddQueryString(System.String,System.String)">
            <summary>
            Adds the query string.
            If the specified name already exists, the previous value will be replaced.
            </summary>
            <param name="paramName">Name of the param.</param>
            <param name="paramValue">The param value.</param>
        </member>
        <member name="M:Newegg.Framework.Web.QueryStringBuilder.RemoveQueryString(System.String)">
            <summary>
            Removes the query string.
            </summary>
            <param name="paramName">Name of the param.</param>
        </member>
        <member name="M:Newegg.Framework.Web.QueryStringBuilder.ToString">
            <summary>
            Returns a <see cref="T:System.String"></see> that represents the current <see cref="T:System.object"></see>.
            Note: the value has been url-encoded.
            </summary>
            <returns>
            A <see cref="T:System.String"></see> that represents the current <see cref="T:System.object"></see>.
            </returns>
        </member>
        <member name="P:Newegg.Framework.Web.QueryStringBuilder.ParameterCount">
            <summary>
            Gets the number of parameters.
            </summary>
            <value>The parameter count.</value>
        </member>
        <member name="M:Newegg.Framework.Web.WebContext.SetCookieChanges(Newegg.Framework.Web.Caching.ChangeCookies)">
            <summary>
            记录Cookie变更记录信息
            </summary>
            <param name="changeCookieValues">Cookie的变更信息</param>
        </member>
        <member name="M:Newegg.Framework.Web.WebContext.GetChangeCookies">
            <summary>
            读取上下文的Cookie变更记录
            </summary>
            <returns>Cookie变更记录</returns>
        </member>
        <member name="M:Newegg.Framework.Web.WebContext.AddCookieChangesBase(System.String,System.String,System.String,System.TimeSpan)">
            <summary>
            添加新的Cookie变更记录，仅限二维Cookie
            </summary>
            <param name="cookieName">Cookie的名称</param>
            <param name="index">二维Cookie的名称</param>
            <param name="val">二维Cookie的值</param>
        </member>
        <member name="M:Newegg.Framework.Web.WebContext.RemoveCookieChanges(System.String)">
            <summary>
            从Cookie记录变更中移除指定的记录信息
            </summary>
            <param name="name">Cookie的名称</param>
        </member>
        <member name="M:Newegg.Framework.Web.WebContext.RemoveCookieChanges(System.String,System.String)">
            <summary>
            从Cookie记录变更中移除指定的记录信息
            </summary>
            <param name="name">Cookie的名称</param>
            <param name="index">二维Cookie的名称</param>
        </member>
        <member name="M:Newegg.Framework.Web.WebContext.ClearCookieChanges">
            <summary>
            清除上下文中的缓存记录
            </summary>
        </member>
        <member name="M:Newegg.Framework.Web.WebContext.ClearCookieChanges(System.String)">
            <summary>
            清除上下文中的缓存记录
            </summary>
            <param name="cookieName">Cookie的名称</param>
        </member>
        <member name="M:Newegg.Framework.Web.WebUtility.CookieEncode(System.String)">
            <summary>
            used for cookie
            </summary>
            <param name="input"></param>
            <returns></returns>
        </member>
        <member name="M:Newegg.Framework.Web.WebUtility.CookieDecode(System.String)">
            <summary>
             used for cookie
            </summary>
            <param name="input"></param>
            <returns></returns>
        </member>
    </members>
</doc>
