<?xml version="1.0"?>
<doc>
    <assembly>
        <name>Newegg.Website.Utility.Logging</name>
    </assembly>
    <members>
        <member name="T:Newegg.Website.Utility.Logging.Configuration.ConfigurationManager">
            <summary>
            Provides configuraton info for the newegg site.
            </summary>
        </member>
        <member name="T:Newegg.Website.Utility.Logging.Logger">
            <summary>
            Logs information.
            </summary>
        </member>
    </members>
</doc>
