<?xml version="1.0"?>
<doc>
    <assembly>
        <name>Newegg.Utility.EncryptionLib</name>
    </assembly>
    <members>
        <member name="T:Newegg.Utility.Asym_RSA">
            <summary>
            加密和加密数据库链接字符串
            </summary>
        </member>
        <member name="T:Newegg.Utility.ICrypto">
            <summary>
            定义对字符串的加密和解密方法
            </summary>
        </member>
        <member name="M:Newegg.Utility.ICrypto.Encrypt(System.String)">
            <exception cref="!:SecurityException">加密出错，加密后的结果不能超过160个字节</exception>
            <summary>
            加密字符串
            </summary>
            <param name="plainConnectString">明文</param>
            <returns>加密后的结果，以Base64格式呈现</returns>
        </member>
        <member name="M:Newegg.Utility.ICrypto.Decrypt(System.String)">
            <summary>
            解密字符串
            </summary>
            <param name="plainConnectString">base64格式存储的暗文</param>
            <returns>明文</returns>		
        </member>
        <member name="M:Newegg.Utility.Asym_RSA.Encrypt(System.String)">
            <summary>
            加密数据库链接字符串
            </summary>
            <param name="plainConnectString">要加密的数据库链接字符串</param>
            <returns>加密后的链接字符串，以base64 标识，避免.config 显示的时候出现乱码</returns>
        </member>
        <member name="M:Newegg.Utility.Asym_RSA.Decrypt(System.String)">
            <summary>
            解密数据库链接字符串
            </summary>
            <param name="plainConnectString">加密过的数据库链接字符串，base64格式</param>
            <returns>数据库链接字符串的明文</returns>
        </member>
        <member name="T:Newegg.Utility.CryptoManager">
            <summary>
            CrpytoMangager 的摘要说明。
            </summary>
            
        </member>
        <member name="T:Newegg.Utility.CryptoManager4Com">
            <summary>
            for com interop
            </summary>
        </member>
        <member name="T:Newegg.Utility.Sym_DES">
            <summary>
            加密和加密数据库链接字符串
            </summary>
        </member>
        <member name="M:Newegg.Utility.Sym_DES.Encrypt(System.String)">
            <exception cref="T:System.ArgumentException">input string is too long</exception>
            <summary>
            加密数据库链接字符串
            </summary>
            <param name="plainConnectString">要加密的数据库链接字符串</param>
            <returns>加密后的链接字符串，以base64 标识，避免.config 显示的时候出现乱码</returns>
        </member>
        <member name="M:Newegg.Utility.Sym_DES.Decrypt(System.String)">
            <summary>
            解密数据库链接字符串
            </summary>
            <param name="plainConnectString">加密过的数据库链接字符串，base64格式</param>
            <returns>数据库链接字符串的明文</returns>
        </member>
        <member name="T:Newegg.Utility.Sym_RC2">
            <summary>
            Sym_RC2 的摘要说明。
            </summary>
        </member>
        <member name="M:Newegg.Utility.Sym_RC2.Encrypt(System.String)">
            <summary>
            加密数据库链接字符串
            </summary>
            <param name="plainConnectString">要加密的数据库链接字符串</param>
            <returns>加密后的链接字符串，以base64 标识，避免.config 显示的时候出现乱码</returns>
        </member>
        <member name="M:Newegg.Utility.Sym_RC2.Decrypt(System.String)">
            <summary>
            解密数据库链接字符串
            </summary>
            <param name="plainConnectString">加密过的数据库链接字符串，base64格式</param>
            <returns>数据库链接字符串的明文</returns>
        </member>
        <member name="T:Newegg.Utility.Sym_Rijndael">
            <summary>
            加密和加密数据库链接字符串
            </summary>
        </member>
        <member name="M:Newegg.Utility.Sym_Rijndael.Encrypt(System.String)">
            <summary>
            加密数据库链接字符串
            </summary>
            <param name="plainConnectString">要加密的数据库链接字符串</param>
            <returns>加密后的链接字符串，以base64 标识，避免.config 显示的时候出现乱码</returns>
        </member>
        <member name="M:Newegg.Utility.Sym_Rijndael.Decrypt(System.String)">
            <summary>
            解密数据库链接字符串
            </summary>
            <param name="plainConnectString">加密过的数据库链接字符串，base64格式</param>
            <returns>数据库链接字符串的明文</returns>
        </member>
        <member name="T:Newegg.Utility.Sym_TripleDES">
            <summary>
            加密和加密数据库链接字符串
            </summary>
        </member>
        <member name="M:Newegg.Utility.Sym_TripleDES.Encrypt(System.String)">
            <summary>
            加密数据库链接字符串
            </summary>
            <param name="plainConnectString">要加密的数据库链接字符串</param>
            <returns>加密后的链接字符串，以base64 标识，避免.config 显示的时候出现乱码</returns>
        </member>
        <member name="M:Newegg.Utility.Sym_TripleDES.Decrypt(System.String)">
            <summary>
            解密数据库链接字符串
            </summary>
            <param name="plainConnectString">加密过的数据库链接字符串，base64格式</param>
            <returns>数据库链接字符串的明文</returns>
        </member>
    </members>
</doc>
