<?xml version="1.0"?>
<doc>
    <assembly>
        <name>Newegg.MPE.Common</name>
    </assembly>
    <members>
        <member name="T:Newegg.MPE.Common.LocalQueryDBExecResult">
            <summary>
            represents object returned from the Local Query DB operation.
            </summary>
        </member>
        <member name="P:Newegg.MPE.Common.LocalQueryDBExecResult.BridgeObject">
            <summary>
            Gets or sets the bridge object that will be used by other query db and transactiondb. 
            BizLogic component should agree on how to use objects in their own implementation.
            If this object is null, it won't be used to invoke the biz Method.
            </summary>
            <value>The bridge object.</value>
        </member>
        <member name="P:Newegg.MPE.Common.LocalQueryDBExecResult.ProceedWithOtherQueryDB">
            <summary>
            Gets or sets a value indicating whether [proceed with other query DB].
            </summary>
            <value>
            	<c>true</c> if [proceed with other query DB]; otherwise, <c>false</c>.
            </value>
        </member>
        <member name="P:Newegg.MPE.Common.LocalQueryDBExecResult.ProceedWithTransactionDB">
            <summary>
            Gets or sets a value indicating whether [proceed with transaction DB].
            </summary>
            <value>
            	<c>true</c> if [proceed with transaction DB]; otherwise, <c>false</c>.
            </value>
        </member>
        <member name="P:Newegg.MPE.Common.LocalQueryDBExecResult.BizContent">
            <summary>
            Gets or sets the content of the biz.
            </summary>
            <value>The content of the biz.</value>
        </member>
        <member name="T:Newegg.MPE.Common.Serialization.InternalMPESerializer_V1">
            <summary>
            Features and constrains:
            <list type="bullet">
            	<item>supports value type, string, IList, IDictionary</item>
            	<item>serializes only public fields and properties</item>
            	<item>supports property with both getter and setter</item>
            	<item>for referenced type object, a public constructor must be provided</item>
            	<item>if assembly is "miscorlib" it is not rendered.</item>
            	<item>does not support Delegate</item>
            </list>
            </summary>
        </member>
        <member name="M:Newegg.MPE.Common.Serialization.InternalMPESerializer_V1.DeserializeObject(System.Xml.XmlNode)">
            <summary>
            Deserializes the object.
            </summary>
            <param name="node">The node.</param>
            <returns></returns>
        </member>
        <member name="M:Newegg.MPE.Common.Serialization.InternalMPESerializer_V1.DeserializeList(System.Collections.IList,System.Xml.XmlNode)">
            <summary>
            Deserializes IList object.
            </summary>
            <param name="list">The list.</param>
            <param name="node">The node.</param>
            <returns></returns>
        </member>
        <member name="M:Newegg.MPE.Common.Serialization.InternalMPESerializer_V1.DeserializeValueObject(System.String,System.Type)">
            <summary>
            Deserializes the value object.
            </summary>
            <param name="node">The node.</param>
            <returns>boxed object of the value type</returns>
        </member>
        <member name="M:Newegg.MPE.Common.Serialization.InternalMPESerializer_V1.Serialize(System.Object)">
            <summary>
            Serializes the specified obj.
            </summary>
            <param name="obj">The obj.</param>
            <returns>null if obj is null.</returns>
        </member>
        <member name="M:Newegg.MPE.Common.Serialization.InternalMPESerializer_V1.SerializeValueObject(System.Object)">
            <summary>
            Serializes the value object.
            </summary>
            <param name="obj">The obj.</param>
            <returns></returns>
        </member>
        <member name="M:Newegg.MPE.Common.Serialization.InternalMPESerializer_V1.SerializeList(System.Xml.XmlDocument,System.Xml.XmlNode,System.Collections.IList)">
            <summary>
            Serializes the list.
            </summary>
            <param name="doc">The doc.</param>
            <param name="node">The node.</param>
            <param name="list">The list.</param>
        </member>
        <member name="M:Newegg.MPE.Common.Serialization.InternalMPESerializer_V1.SerializeDictionary(System.Xml.XmlDocument,System.Xml.XmlNode,System.Collections.IDictionary)">
            <summary>
            Serializes the dictionary.
            </summary>
            <param name="doc">The doc.</param>
            <param name="node">The node.</param>
            <param name="dic">The dic.</param>
        </member>
        <member name="M:Newegg.MPE.Common.Serialization.InternalMPESerializer_V1.SerializeEntityObject(System.Xml.XmlDocument,System.Xml.XmlNode,System.Object)">
            <summary>
            Serializes the entity object.
            </summary>
            <param name="doc">The doc.</param>
            <param name="node">The node.</param>
            <param name="obj">The obj.</param>
        </member>
        <member name="T:Newegg.MPE.Common.Serialization.InternalMPESerializer_V2">
            <summary>
            Features and constrains:
            <list type="bullet">
            	<item>supports value type, string, IList, IDictionary, delgate</item>
            	<item>serializes only public fields and properties</item>
            	<item>supports property with both getter and setter</item>
            	<item>for referenced type object, a public constructor must be provided</item>
            	<item>if assembly is "miscorlib" it is not rendered.</item>
            	<item>curcular reference is not checked and will cause infinite loop. be cautious.</item>
            </list>
            </summary>
        </member>
        <member name="M:Newegg.MPE.Common.Serialization.InternalMPESerializer_V2.DeserializeObject(System.Xml.XmlNode)">
            <summary>
            Deserializes the object.
            </summary>
            <param name="node">The node.</param>
            <returns></returns>
        </member>
        <member name="M:Newegg.MPE.Common.Serialization.InternalMPESerializer_V2.DeserializeList(System.Collections.IList,System.Xml.XmlNode,System.Type)">
            <summary>
            Deserializes IList object.
            </summary>
            <param name="list">The list.</param>
            <param name="node">The node.</param>
            <returns></returns>
        </member>
        <member name="M:Newegg.MPE.Common.Serialization.InternalMPESerializer_V2.DeserializeValueObject(System.String,System.Type)">
            <summary>
            Deserializes the value object.
            </summary>
            <param name="node">The node.</param>
            <returns>boxed object of the value type</returns>
        </member>
        <member name="M:Newegg.MPE.Common.Serialization.InternalMPESerializer_V2.Serialize(System.Object)">
            <summary>
            Serializes the specified obj.
            </summary>
            <param name="obj">The obj.</param>
            <returns>null if obj is null.</returns>
        </member>
        <member name="M:Newegg.MPE.Common.Serialization.InternalMPESerializer_V2.SerializeValueObject(System.Object)">
            <summary>
            Serializes the value object.
            </summary>
            <param name="obj">The obj.</param>
            <returns></returns>
        </member>
        <member name="M:Newegg.MPE.Common.Serialization.InternalMPESerializer_V2.SerializeList(System.Xml.XmlDocument,System.Xml.XmlNode,System.Collections.IList)">
            <summary>
            Serializes the list.
            </summary>
            <param name="doc">The doc.</param>
            <param name="node">The node.</param>
            <param name="list">The list.</param>
        </member>
        <member name="M:Newegg.MPE.Common.Serialization.InternalMPESerializer_V2.SerializeDictionary(System.Xml.XmlDocument,System.Xml.XmlNode,System.Collections.IDictionary)">
            <summary>
            Serializes the dictionary.
            </summary>
            <param name="doc">The doc.</param>
            <param name="node">The node.</param>
            <param name="dic">The dic.</param>
        </member>
        <member name="M:Newegg.MPE.Common.Serialization.InternalMPESerializer_V2.SerializeEntityObject(System.Xml.XmlDocument,System.Xml.XmlNode,System.Object)">
            <summary>
            Serializes the entity object.
            </summary>
            <param name="doc">The doc.</param>
            <param name="node">The node.</param>
            <param name="obj">The obj.</param>
        </member>
        <member name="M:Newegg.MPE.Common.Serialization.MPESerializer.Deserialize(System.String)">
            <summary>
            Deserializes the specified MSG stream.
            </summary>
            <param name="msgStream">The MSG stream.</param>
            <returns></returns>
        </member>
        <member name="M:Newegg.MPE.Common.Serialization.MPESerializer.Serialize(System.Object)">
            <summary>
            Serializes the specified obj.
            </summary>
            <param name="obj">The obj.</param>
            <returns></returns>
        </member>
        <member name="M:Newegg.MPE.Common.Serialization.MPESerializer.CreateSerializer">
            <summary>
            Creates the serializer.
            </summary>
            <returns></returns>
            <remarks>
            Note to implementer: modify this function when a new internal serializer is added.
            </remarks>
        </member>
        <member name="M:Newegg.MPE.Common.Serialization.MPESerializer.CreateDeserializer(System.String)">
            <summary>
            Creates the deserializer.
            </summary>
            <param name="version">The version.</param>
            <returns></returns>
            <remarks>
            Note to the implementer: add an entry when a new internal serializer is added. 
            The default value shoule be the latest internal serializer.
            </remarks>
        </member>
        <member name="M:Newegg.MPE.Common.Serialization.TypeHelper.GetMemberTypeNameFromCache(System.Type,System.String,System.String@)">
            <summary>
            Gets the member type name from cache.
            </summary>
            <param name="type">The type.</param>
            <param name="fieldName">Name of the field.</param>
            <param name="typeName">Name of the type.</param>
            <returns>true if found in the cache, false otherwise</returns>
        </member>
        <member name="M:Newegg.MPE.Common.Serialization.TypeHelper.CreateObject(System.String,System.String,System.Int32,Newegg.MPE.Common.Serialization.TypeResult@,System.Type@)">
            <summary>
            Creates the object. Returns null if any error occurs.
            </summary>
            <param name="assemblyName">Name of the assembly.</param>
            <param name="typeName">Name of the type.</param>
            <returns></returns>
        </member>
        <member name="M:Newegg.MPE.Common.Serialization.TypeHelper.GetSerializeProperties(System.Type)">
            <summary>
            Gets the serialize properties.
            </summary>
            <param name="type">The type.</param>
            <returns></returns>
        </member>
        <member name="M:Newegg.MPE.Common.Serialization.TypeHelper.GetSerializeFields(System.Type)">
            <summary>
            Gets the serialize fields.
            </summary>
            <param name="type">The type.</param>
            <returns></returns>
        </member>
        <member name="M:Newegg.MPE.Common.Serialization.TypeHelper.GetType(System.String,System.String)">
            <summary>
            Gets the type. Returns null if any error occurs.
            </summary>
            <param name="assemblyName">Name of the assembly.</param>
            <param name="typeName">Name of the type.</param>
            <returns></returns>
        </member>
        <member name="P:Newegg.MPE.Common.ServerInfo.QueryDBName">
            <summary>
            Gets or sets the name of the query DB.
            </summary>
            <value>The name of the query DB.</value>
        </member>
        <member name="P:Newegg.MPE.Common.ServerInfo.ServerID">
            <summary>
            Gets or sets the server ID.
            </summary>
            <value>The server ID.</value>
        </member>
        <member name="P:Newegg.MPE.Common.ServerInfo.SystemID">
            <summary>
            Gets or Sets the System ID. 
            </summary>
            <value>System ID. e.g. Website, RMA etc.</value>
        </member>
        <member name="P:Newegg.MPE.Common.ServerInfo.OriginalLocation">
            <summary>
            Gets or Sets Orighinal Location
            </summary>
        </member>
        <member name="P:Newegg.MPE.Common.ServerInfo.CurrentLocation">
            <summary>
            Gets or Sets Current Location
            </summary>
        </member>
        <member name="P:Newegg.MPE.Common.ServerInfo.IP">
            <summary>
            Gets or Sets IP
            </summary>
        </member>
        <member name="P:Newegg.MPE.Common.ServerInfo.UTMA">
            <summary>
            Gets or Sets Google UTMA
            </summary>
        </member>
    </members>
</doc>
