<?xml version="1.0"?>
<doc>
    <assembly>
        <name>Newegg.Website.Web.TestAccountModule</name>
    </assembly>
    <members>
        <member name="P:Newegg.Website.Web.TestAccountModule.Configuration.ServerConfiguration.CAUseTestAccount">
            <summary>
            Enable CA Test Account
            </summary>
        </member>
        <member name="P:Newegg.Website.Web.TestAccountModule.Configuration.ServerConfiguration.LandingPageUrl">
            <summary>
            CA landing Page url
            </summary>
        </member>
        <member name="P:Newegg.Website.Web.TestAccountModule.Configuration.ServerConfiguration.LandingPageContent">
            <summary>
            CA landing page content
            </summary>
        </member>
        <member name="M:Newegg.Website.Web.TestAccountModule.Logger.LogLoadingLandPageException(System.Exception,System.String)">
            <summary>
            logLoadingLandPageException
            </summary>
            <param name="ex"></param>
            <param name="landingPageUrl"></param>
        </member>
        <member name="P:Newegg.Website.Web.TestAccountModule.TestAccountInfo.EmailAddress">
            <summary>
            Test Account
            </summary>
        </member>
        <member name="T:Newegg.Website.Web.TestAccountModule.TestAccountModule">
            <summary>
            Test Account Module
            Check Step
            1) Check whether test account is enabled in configuration file
            2) Check whether user has logined by checking cookie
            3) Check URL or email address is valid
            4) Check if request page is home page or not
            we will render landing page instead of home page.
            </summary>
        </member>
        <member name="M:Newegg.Website.Web.TestAccountModule.Utility.GetPageContext(System.String)">
            <summary>
            Read landing page by its uri
            </summary>
            <param name="landPageUri"></param>
            <returns></returns>
        </member>
        <member name="M:Newegg.Website.Web.TestAccountModule.Utility.ValidateTestAccount(System.String)">
            <summary>
            check the email whether it is in test account list
            </summary>
            <param name="userAccount"></param>
            <returns></returns>
        </member>
    </members>
</doc>
