<?xml version="1.0"?>
<doc>
    <assembly>
        <name>Newegg.Website.Utility.MarketPlace</name>
    </assembly>
    <members>
        <member name="T:Newegg.Website.Utility.MarketPlace.Properties.Resources">
            <summary>
              一个强类型的资源类，用于查找本地化的字符串等。
            </summary>
        </member>
        <member name="P:Newegg.Website.Utility.MarketPlace.Properties.Resources.ResourceManager">
            <summary>
              返回此类使用的缓存的 ResourceManager 实例。
            </summary>
        </member>
        <member name="P:Newegg.Website.Utility.MarketPlace.Properties.Resources.Culture">
            <summary>
              使用此强类型资源类，为所有资源查找
              重写当前线程的 CurrentUICulture 属性。
            </summary>
        </member>
        <member name="P:Newegg.Website.Utility.MarketPlace.Properties.Resources.allChar">
            <summary>
              查找 System.Byte[] 类型的本地化资源。
            </summary>
        </member>
        <member name="P:Newegg.Website.Utility.MarketPlace.Properties.Resources.firstChar">
            <summary>
              查找 System.Byte[] 类型的本地化资源。
            </summary>
        </member>
        <member name="P:Newegg.Website.Utility.MarketPlace.Properties.Resources.forthChar">
            <summary>
              查找 System.Byte[] 类型的本地化资源。
            </summary>
        </member>
        <member name="P:Newegg.Website.Utility.MarketPlace.Properties.Resources.secondChar">
            <summary>
              查找 System.Byte[] 类型的本地化资源。
            </summary>
        </member>
        <member name="P:Newegg.Website.Utility.MarketPlace.Properties.Resources.thirdChar">
            <summary>
              查找 System.Byte[] 类型的本地化资源。
            </summary>
        </member>
        <member name="M:Newegg.Website.Utility.MarketPlace.SellerIDHelper.EncodeMarketPlaceSellerID(System.String)">
            <summary>
            Encode SellerID
            </summary>
            <param name="DecodeSellerID">Decode SellerID</param>
            <returns>Encode SellerID</returns>
        </member>
        <member name="M:Newegg.Website.Utility.MarketPlace.SellerIDHelper.DecodeMarketPlaceSellerID(System.String,System.String@)">
            <summary>
            Get Decode SellerID
            </summary>
            <param name="EncodeSellerID">Encode SellerID</param>
            <param name="RealSellerID">Decode SellerID</param>
            <returns></returns>
        </member>
        <member name="M:Newegg.Website.Utility.MarketPlace.SellerIDHelper.InternalSellerIDHelper.GetMD5ValidCode(System.String)">
            <summary>
            Cumpute MD5 ValidCode (three chars)
            </summary>
            <param name="source"></param>
            <returns></returns>
        </member>
    </members>
</doc>
