<?xml version="1.0"?>
<doc>
    <assembly>
        <name>Newegg.ECService.Core</name>
    </assembly>
    <members>
        <member name="T:Newegg.ECService.Core.Logger">
            <summary>
            Logs critical information for diagnostics and performance improvement.
            </summary>
        </member>
        <member name="T:Newegg.ECService.Core.WCF.Rest.ErrorCollection">
            <summary>
            For DataContractJsonSerializer
            </summary>
        </member>
    </members>
</doc>
