<?xml version="1.0"?>
<doc>
    <assembly>
        <name>Newegg.Website.Utility.EmailService</name>
    </assembly>
    <members>
        <member name="T:Newegg.Website.Utility.EmailService.AlertEmailService">
            <remarks/>
        </member>
        <member name="M:Newegg.Website.Utility.EmailService.AlertEmailService.#ctor">
            <remarks/>
        </member>
        <member name="M:Newegg.Website.Utility.EmailService.AlertEmailService.SendMail(Newegg.Website.Utility.EmailService.EmailLogInfo)">
            <remarks/>
        </member>
        <member name="M:Newegg.Website.Utility.EmailService.AlertEmailService.BeginSendMail(Newegg.Website.Utility.EmailService.EmailLogInfo,System.AsyncCallback,System.Object)">
            <remarks/>
        </member>
        <member name="M:Newegg.Website.Utility.EmailService.AlertEmailService.EndSendMail(System.IAsyncResult)">
            <remarks/>
        </member>
        <member name="M:Newegg.Website.Utility.EmailService.AlertEmailService.SendMailAsync(Newegg.Website.Utility.EmailService.EmailLogInfo)">
            <remarks/>
        </member>
        <member name="M:Newegg.Website.Utility.EmailService.AlertEmailService.SendMailAsync(Newegg.Website.Utility.EmailService.EmailLogInfo,System.Object)">
            <remarks/>
        </member>
        <member name="M:Newegg.Website.Utility.EmailService.AlertEmailService.CancelAsync(System.Object)">
            <remarks/>
        </member>
        <member name="E:Newegg.Website.Utility.EmailService.AlertEmailService.SendMailCompleted">
            <remarks/>
        </member>
        <member name="T:Newegg.Website.Utility.EmailService.EmailLogInfo">
            <remarks/>
        </member>
        <member name="P:Newegg.Website.Utility.EmailService.EmailLogInfo.EmailBCCList">
            <remarks/>
        </member>
        <member name="P:Newegg.Website.Utility.EmailService.EmailLogInfo.EmailBody">
            <remarks/>
        </member>
        <member name="P:Newegg.Website.Utility.EmailService.EmailLogInfo.EmailCCList">
            <remarks/>
        </member>
        <member name="P:Newegg.Website.Utility.EmailService.EmailLogInfo.EmailFrom">
            <remarks/>
        </member>
        <member name="P:Newegg.Website.Utility.EmailService.EmailLogInfo.EmailReceiver">
            <remarks/>
        </member>
        <member name="P:Newegg.Website.Utility.EmailService.EmailLogInfo.EmailReplyTo">
            <remarks/>
        </member>
        <member name="P:Newegg.Website.Utility.EmailService.EmailLogInfo.EmailSubject">
            <remarks/>
        </member>
        <member name="P:Newegg.Website.Utility.EmailService.EmailLogInfo.EventId">
            <remarks/>
        </member>
        <member name="P:Newegg.Website.Utility.EmailService.EmailLogInfo.EventIdSpecified">
            <remarks/>
        </member>
        <member name="P:Newegg.Website.Utility.EmailService.EmailLogInfo.IsBodyHtml">
            <remarks/>
        </member>
        <member name="P:Newegg.Website.Utility.EmailService.EmailLogInfo.IsBodyHtmlSpecified">
            <remarks/>
        </member>
        <member name="P:Newegg.Website.Utility.EmailService.EmailLogInfo.LogCategory">
            <remarks/>
        </member>
        <member name="P:Newegg.Website.Utility.EmailService.EmailLogInfo.LogServerity">
            <remarks/>
        </member>
        <member name="T:Newegg.Website.Utility.EmailService.SendMailCompletedEventHandler">
            <remarks/>
        </member>
        <member name="T:Newegg.Website.Utility.EmailService.Configuration.ConfigurationManager">
            <summary>
            Provides configuraton info for the newegg site.
            </summary>
        </member>
        <member name="T:Newegg.Website.Utility.EmailService.Configuration.ConfigurationManager.InternalConfiguration">
            <summary>
            this is the adaptee class that implemented the actual property interfaces.
            all properties are instance properties.
            </summary>
        </member>
        <member name="T:Newegg.Website.Utility.EmailService.EmailService">
            <remarks/>
        </member>
        <member name="M:Newegg.Website.Utility.EmailService.EmailService.#ctor">
            <remarks/>
        </member>
        <member name="M:Newegg.Website.Utility.EmailService.EmailService.SendMail_HTML(System.String,System.String,System.String,System.String,System.String,System.String,System.String)">
            <remarks/>
        </member>
        <member name="M:Newegg.Website.Utility.EmailService.EmailService.BeginSendMail_HTML(System.String,System.String,System.String,System.String,System.String,System.String,System.String,System.AsyncCallback,System.Object)">
            <remarks/>
        </member>
        <member name="M:Newegg.Website.Utility.EmailService.EmailService.EndSendMail_HTML(System.IAsyncResult)">
            <remarks/>
        </member>
        <member name="M:Newegg.Website.Utility.EmailService.EmailService.SendMail_HTMLAsync(System.String,System.String,System.String,System.String,System.String,System.String,System.String)">
            <remarks/>
        </member>
        <member name="M:Newegg.Website.Utility.EmailService.EmailService.SendMail_HTMLAsync(System.String,System.String,System.String,System.String,System.String,System.String,System.String,System.Object)">
            <remarks/>
        </member>
        <member name="M:Newegg.Website.Utility.EmailService.EmailService.SendMail_Text(System.String,System.String,System.String,System.String,System.String,System.String,System.String)">
            <remarks/>
        </member>
        <member name="M:Newegg.Website.Utility.EmailService.EmailService.BeginSendMail_Text(System.String,System.String,System.String,System.String,System.String,System.String,System.String,System.AsyncCallback,System.Object)">
            <remarks/>
        </member>
        <member name="M:Newegg.Website.Utility.EmailService.EmailService.EndSendMail_Text(System.IAsyncResult)">
            <remarks/>
        </member>
        <member name="M:Newegg.Website.Utility.EmailService.EmailService.SendMail_TextAsync(System.String,System.String,System.String,System.String,System.String,System.String,System.String)">
            <remarks/>
        </member>
        <member name="M:Newegg.Website.Utility.EmailService.EmailService.SendMail_TextAsync(System.String,System.String,System.String,System.String,System.String,System.String,System.String,System.Object)">
            <remarks/>
        </member>
        <member name="M:Newegg.Website.Utility.EmailService.EmailService.CancelAsync(System.Object)">
            <remarks/>
        </member>
        <member name="E:Newegg.Website.Utility.EmailService.EmailService.SendMail_HTMLCompleted">
            <remarks/>
        </member>
        <member name="E:Newegg.Website.Utility.EmailService.EmailService.SendMail_TextCompleted">
            <remarks/>
        </member>
        <!-- Badly formed XML comment ignored for member "T:Newegg.Website.Utility.EmailService.NeweggEmailService" -->
        <member name="T:Newegg.Website.Utility.EmailService.SendMail_HTMLCompletedEventHandler">
            <remarks/>
        </member>
        <member name="T:Newegg.Website.Utility.EmailService.SendMail_HTMLCompletedEventArgs">
            <remarks/>
        </member>
        <member name="P:Newegg.Website.Utility.EmailService.SendMail_HTMLCompletedEventArgs.Result">
            <remarks/>
        </member>
        <member name="T:Newegg.Website.Utility.EmailService.SendMail_TextCompletedEventHandler">
            <remarks/>
        </member>
        <member name="T:Newegg.Website.Utility.EmailService.SendMail_TextCompletedEventArgs">
            <remarks/>
        </member>
        <member name="P:Newegg.Website.Utility.EmailService.SendMail_TextCompletedEventArgs.Result">
            <remarks/>
        </member>
    </members>
</doc>
