<?xml version="1.0"?>
<doc>
    <assembly>
        <name>Newegg.Website.MPE</name>
    </assembly>
    <members>
        <member name="T:Newegg.Website.MPE.Configuration.ConfigurationManager.InternalConfiguration">
            <summary>
            this is the adaptee class that implemented the actual property interfaces.
            all properties are instance properties.
            </summary>
        </member>
        <member name="M:Newegg.Website.MPE.DatabaseHelper.IsServerAlive(System.String)">
            <summary>
            Determines whether [is server alive] [the specified database name].
            </summary>
            <param name="databaseName">Name of the database.</param>
            <returns>
            	<c>true</c> if [is server alive] [the specified database name]; otherwise, <c>false</c>.
            </returns>
        </member>
        <member name="T:Newegg.Website.MPE.DelegateWebService">
            <remarks/>
        </member>
        <member name="M:Newegg.Website.MPE.DelegateWebService.#ctor">
            <remarks/>
        </member>
        <member name="M:Newegg.Website.MPE.DelegateWebService.Process(System.String)">
            <remarks/>
        </member>
        <member name="M:Newegg.Website.MPE.DelegateWebService.BeginProcess(System.String,System.AsyncCallback,System.Object)">
            <remarks/>
        </member>
        <member name="M:Newegg.Website.MPE.DelegateWebService.EndProcess(System.IAsyncResult)">
            <remarks/>
        </member>
        <member name="M:Newegg.Website.MPE.DelegateWebService.ProcessAsync(System.String)">
            <remarks/>
        </member>
        <member name="M:Newegg.Website.MPE.DelegateWebService.ProcessAsync(System.String,System.Object)">
            <remarks/>
        </member>
        <member name="M:Newegg.Website.MPE.DelegateWebService.CancelAsync(System.Object)">
            <remarks/>
        </member>
        <member name="E:Newegg.Website.MPE.DelegateWebService.ProcessCompleted">
            <remarks/>
        </member>
        <member name="T:Newegg.Website.MPE.ProcessCompletedEventHandler">
            <remarks/>
        </member>
        <member name="T:Newegg.Website.MPE.ProcessCompletedEventArgs">
            <remarks/>
        </member>
        <member name="P:Newegg.Website.MPE.ProcessCompletedEventArgs.Result">
            <remarks/>
        </member>
        <member name="T:Newegg.Website.MPE.DelegateWebServiceLocal">
            <remarks/>
        </member>
        <member name="M:Newegg.Website.MPE.DelegateWebServiceLocal.#ctor">
            <remarks/>
        </member>
        <member name="M:Newegg.Website.MPE.DelegateWebServiceLocal.Process(System.String)">
            <remarks/>
        </member>
        <member name="M:Newegg.Website.MPE.DelegateWebServiceLocal.BeginProcess(System.String,System.AsyncCallback,System.Object)">
            <remarks/>
        </member>
        <member name="M:Newegg.Website.MPE.DelegateWebServiceLocal.EndProcess(System.IAsyncResult)">
            <remarks/>
        </member>
        <member name="M:Newegg.Website.MPE.DelegateWebServiceLocal.ProcessAsync(System.String)">
            <remarks/>
        </member>
        <member name="M:Newegg.Website.MPE.DelegateWebServiceLocal.ProcessAsync(System.String,System.Object)">
            <remarks/>
        </member>
        <member name="M:Newegg.Website.MPE.DelegateWebServiceLocal.CancelAsync(System.Object)">
            <remarks/>
        </member>
        <member name="E:Newegg.Website.MPE.DelegateWebServiceLocal.ProcessCompleted">
            <remarks/>
        </member>
        <member name="T:Newegg.Website.MPE.ProcessCompletedEventHandlerLocal">
            <remarks/>
        </member>
        <member name="T:Newegg.Website.MPE.ProcessCompletedEventArgsLocal">
            <remarks/>
        </member>
        <member name="P:Newegg.Website.MPE.ProcessCompletedEventArgsLocal.Result">
            <remarks/>
        </member>
        <member name="M:Newegg.Website.MPE.MessageProcessor.Initiate``1(System.Int32,System.String,System.Object[])">
            <summary>
            Initiates the MPE process.
            </summary>
            <param name="msgName">Name of the MSG.</param>
            <param name="bizContent">Content of the biz.</param>
            <returns></returns>
        </member>
        <member name="M:Newegg.Website.MPE.MessageProcessor.InitiateForAntiPrice``1(System.Int32,System.String,System.String,System.Object[])">
            <summary>
            Initiates the MPE process.Just for anti price
            </summary>
            <param name="msgName">Name of the MSG.</param>
            <param name="bizContent">Content of the biz.</param>
            <returns></returns>
        </member>
        <member name="M:Newegg.Website.MPE.MessageProcessor.ProcessMessage(System.String)">
            <summary>
            Processes the message.
            </summary>
            <param name="message">The message.</param>
        </member>
        <member name="M:Newegg.Website.MPE.MessageProcessor.InitiateLocal``1(System.Int32,System.String,System.Object[])">
            <summary>
            Initiates the local MPE process.
            </summary>
            <param name="msgName">Name of the MSG.</param>
            <param name="bizContent">Content of the biz.</param>
            <returns></returns>
        </member>
        <member name="M:Newegg.Website.MPE.MessageProcessor.ConstructRequestMessage(System.String,System.Object[])">
            <summary>
            Constructs the request message.
            </summary>
            <param name="msgName">Name of the MSG.</param>
            <param name="bizContent">Content of the biz.</param>
            <returns></returns>
        </member>
        <member name="M:Newegg.Website.MPE.MessageProcessor.ConstructRequestMessageForAntiPrice(System.String,System.String,System.Object[])">
            <summary>
            just for anti price
            </summary>
            <param name="msgName"></param>
            <param name="bizContent"></param>
            <returns></returns>
        </member>
        <member name="M:Newegg.Website.MPE.MessageProcessor.ConstructResponseMessage(System.String,System.Object)">
            <summary>
            Constructs the response message.
            </summary>
            <param name="msgName">Name of the MSG.</param>
            <param name="bizContent">Content of the biz.</param>
            <returns></returns>
        </member>
        <member name="M:Newegg.Website.MPE.MessageProcessor.PumpMessage(Newegg.Website.MPE.RequestMessage,Newegg.Website.MPE.MessageProcessType,System.Object)">
            <summary>
            Pumps the message.
            </summary>
            <param name="requestMsg">The request MSG.</param>
            <param name="processType">Type of the process.</param>
            <param name="bizResult">The biz result.</param>
            <returns></returns>
        </member>
        <member name="M:Newegg.Website.MPE.MessageProcessor.GetBizAction(Newegg.Website.MPE.RequestMessage,Newegg.Website.MPE.MessageProcessType)">
            <summary>
            Gets the biz action. returns null if no action needs to be performed or the message is not valid.
            </summary>
            <param name="requestMsg">The request MSG.</param>
            <param name="processType">Type of the process.</param>
            <returns></returns>
        </member>
        <member name="T:Newegg.Website.MPE.MessageBase">
            <summary>
            message for Newegg MPE
            </summary>
        </member>
        <member name="P:Newegg.Website.MPE.MessageBase.Name">
            <summary>
            Name of the message that identify the message
            </summary>
        </member>
        <member name="M:Newegg.Website.MPE.MPELogger.WritePumpMessageProcessTypeNonMatch(System.String,Newegg.MPE.Common.LocalQueryDBExecResult)">
            <summary>
            Blockeds the message.
            </summary>
            <param name="requestMsg">The request MSG.</param>
            <param name="localQueryDBExecResult">The local query DB exec result.</param>
        </member>
        <member name="M:Newegg.Website.MPE.RequestMessage.AddBizObject(System.Object)">
            <summary>
            Adds the biz object.
            </summary>
            <param name="bizObject">The biz object.</param>
        </member>
        <member name="P:Newegg.Website.MPE.RequestMessage.ProcessStep">
            <summary>
            Gets or sets the process step.
            </summary>
            <value>The process step.</value>
        </member>
        <member name="P:Newegg.Website.MPE.RequestMessage.LocalQueryDBExecResult">
            <summary>
            Gets or sets the local query DB exec result.
            </summary>
            <value>The local query DB exec result.</value>
        </member>
        <member name="P:Newegg.Website.MPE.RequestMessage.BizContent">
            <summary>
            biz entity contained in the messages.
            Note: value-typed variable that will be modified shouldn't be store in this object.
            </summary>
        </member>
        <member name="P:Newegg.Website.MPE.RequestMessage.ServerInfo">
            <summary>
            Gets or sets the name of the query DB.
            </summary>
            <value>The name of the query DB.</value>
        </member>
        <member name="T:Newegg.Website.MPE.MessageProcessStep">
            <summary>
            current step of the message processing
            </summary>
        </member>
        <member name="F:Newegg.Website.MPE.MessageProcessStep.Init">
            <summary>
            the message is just created and wait for the first action.
            </summary>
        </member>
        <member name="F:Newegg.Website.MPE.MessageProcessStep.OtherQueryDB">
            <summary>
            other query db needs to be processed
            </summary>
        </member>
        <member name="F:Newegg.Website.MPE.MessageProcessStep.TransactionDB">
            <summary>
            transaction db needs to be processed
            </summary>
        </member>
        <member name="T:Newegg.Website.MPE.MessageProcessType">
            <summary>
            indicates
            </summary>
        </member>
        <member name="F:Newegg.Website.MPE.MessageProcessType.QueryDBOnly">
            <summary>
            query db will be updated
            </summary>
        </member>
        <member name="F:Newegg.Website.MPE.MessageProcessType.TransactionDBOnly">
            <summary>
            transaction db will be updated
            </summary>
        </member>
        <member name="F:Newegg.Website.MPE.MessageProcessType.QueryAndTransactionDB">
            <summary>
            both query db and transaction db will be updated
            </summary>
        </member>
        <member name="F:Newegg.Website.MPE.MessageProcessType.InvalidProcessType">
            <summary>
            for internal use only
            </summary>
        </member>
        <member name="F:Newegg.Website.MPE.MessageProcessType.DataCenter">
            <summary>
            Not used in the website
            </summary>
        </member>
    </members>
</doc>
