<?xml version="1.0"?>
<doc>
    <assembly>
        <name>Newegg.VerificationCodeControl</name>
    </assembly>
    <members>
        <member name="M:Newegg.VerificationCodeControl.GraphicsGenerator.ModifyColorHeft(System.Int32,System.Int32)">
            <summary>
            在指定的范围内随机取一个颜色分量值.
            </summary>
            <param name="heft">颜色分量值</param>
            <param name="offset">范围偏移量</param>
            <returns>颜色分量值</returns>
        </member>
        <member name="M:Newegg.VerificationCodeControl.GraphicsGenerator.AdjustColorHeft(System.Int32)">
            <summary>
            调整超出范围的颜色分量值,确保分量值在[0,255]之间.
            </summary>
            <param name="value">分量值</param>
            <returns>调整后的分量值</returns>
        </member>
        <member name="T:Newegg.VerificationCodeControl.GraphicsHttpHandle">
            <summary>
            Summary description for GraphicsHttpHandle.
            </summary>
        </member>
        <member name="T:Newegg.VerificationCodeControl.GraphicsValidator">
            <summary>
            Summary description for GraphicsValidator.
            </summary>
        </member>
        <member name="M:Newegg.VerificationCodeControl.GraphicsValidator.Render(System.Web.UI.HtmlTextWriter)">
            <summary> 
            Render this control to the output parameter specified.
            </summary>
            <param name="output"> The HTML writer to write out to </param>
        </member>
    </members>
</doc>
