<?xml version="1.0"?>
<doc>
    <assembly>
        <name>Newegg.App.Endeca.EquiValueGenerator.RuleProcessing</name>
    </assembly>
    <members>
        <member name="T:Newegg.App.Endeca.EquiValueGenerator.RuleProcessing.RuleDescriptionAttribute">
            <summary>
            
            </summary>
        </member>
        <member name="T:Newegg.App.Endeca.EquiValueGenerator.RuleProcessing.RuleInfo">
            <summary>
            Represent rule description info
            </summary>
        </member>
        <member name="T:Newegg.App.Endeca.EquiValueGenerator.RuleProcessing.RuleType">
            <summary>
            规则类型
            </summary>
        </member>
        <member name="F:Newegg.App.Endeca.EquiValueGenerator.RuleProcessing.RuleType.Inch">
            <summary>
            1:Inch Rule
            </summary>
        </member>
        <member name="F:Newegg.App.Endeca.EquiValueGenerator.RuleProcessing.RuleType.Numeric">
            <summary>
            2:Numeric Rule
            </summary>
        </member>
        <member name="F:Newegg.App.Endeca.EquiValueGenerator.RuleProcessing.RuleType.Brightness">
            <summary>
            3:Brightness Rule
            </summary>
        </member>
        <member name="F:Newegg.App.Endeca.EquiValueGenerator.RuleProcessing.RuleType.RefreshRate">
            <summary>
            4:Refresh Rate Rule
            </summary>
        </member>
        <member name="F:Newegg.App.Endeca.EquiValueGenerator.RuleProcessing.RuleType.DisplayResolution">
            <summary>
            5:Display Resolution Rule
            </summary>
        </member>
        <member name="F:Newegg.App.Endeca.EquiValueGenerator.RuleProcessing.RuleType.ResponseTime">
            <summary>
            6:Response Time Rule
            </summary>
        </member>
        <member name="F:Newegg.App.Endeca.EquiValueGenerator.RuleProcessing.RuleType.InchIgnoreQuote">
            <summary>
            11:Inch Rule
            </summary>
        </member>
        <member name="T:Newegg.App.Endeca.EquiValueGenerator.RuleProcessing.IRuleParser">
            <summary>
            规则解析器接口类
            </summary>
        </member>
        <member name="M:Newegg.App.Endeca.EquiValueGenerator.RuleProcessing.IRuleParser.Parse(System.String)">
            <summary>
            解析字符串
            </summary>
            <param name="input"></param>
            <returns></returns>
        </member>
        <member name="M:Newegg.App.Endeca.EquiValueGenerator.RuleProcessing.IRuleParser.Parse(System.String,System.Boolean)">
            <summary>
            解析字符串，并给匹配规则的字符串加上双引号。
            在Website端，用于Phase Search
            </summary>
            <param name="input"></param>
            <param name="addDoubleQuote"></param>
            <returns></returns>
        </member>
        <member name="P:Newegg.App.Endeca.EquiValueGenerator.RuleProcessing.IRuleParser.Rule">
            <summary>
            规则类型
            </summary>
        </member>
        <member name="M:Newegg.App.Endeca.EquiValueGenerator.RuleProcessing.ParseRuleHelper.ExecuteRules(System.String,Newegg.App.Endeca.EquiValueGenerator.RuleProcessing.RuleType[])">
            <summary>
            Parse string using specified rules.
            </summary>
            <param name="input">string to be parsed</param>
            <param name="rules">rule list</param>
            <returns>string parsed</returns>
        </member>
        <member name="M:Newegg.App.Endeca.EquiValueGenerator.RuleProcessing.ParseRuleHelper.ExecuteRules(System.String,System.Boolean,Newegg.App.Endeca.EquiValueGenerator.RuleProcessing.RuleType[])">
            <summary>
            Parse string using specified rules.
            </summary>
            <param name="input">string to be parsed</param>
            <param name="addDoubleQuote">add quote to parsed string</param>
            <param name="rules">rule list</param>
            <returns>string parsed</returns>
        </member>
        <member name="T:Newegg.App.Endeca.EquiValueGenerator.RuleProcessing.Parser.InchIgnoreQuoteParser">
            <summary>
            Implements "InchIgnoreQuote" Rule Parser.
            This Parser Will Ignore Double Quote.
            </summary>
        </member>
        <member name="P:Newegg.App.Endeca.EquiValueGenerator.RuleProcessing.Parser.InchParser.RegexPattern">
            <summary>
            
            </summary>
        </member>
        <member name="T:Newegg.App.Endeca.EquiValueGenerator.RuleProcessing.RuleParserSet">
            <summary>
            Parser objects container.
            </summary>
        </member>
    </members>
</doc>
