<?xml version="1.0"?>
<doc>
    <assembly>
        <name>Newegg.EC.Cookie</name>
    </assembly>
    <members>
        <member name="T:Newegg.EC.Cookie.CookieManager">
            <summary>
            Cookie Manager.
            </summary>
        </member>
        <member name="F:Newegg.EC.Cookie.CookieManager.cookiesConfigRepository">
            <summary>
            Cookies config repository.
            </summary>
        </member>
        <member name="M:Newegg.EC.Cookie.CookieManager.GetValue(System.String)">
            <summary>
            Get Cookie Value.
            </summary>
            <param name="configKey">Cookie key.</param>
            <returns>Cookie value.</returns>
        </member>
        <member name="M:Newegg.EC.Cookie.CookieManager.SetValue(System.String,System.String)">
            <summary>
            Set Cookie Value.
            </summary>
            <param name="configKey">Cookie Key.</param>
            <param name="value">Cookie Value.</param>
        </member>
        <member name="M:Newegg.EC.Cookie.CookieManager.GetValue``1(System.String)">
            <summary>
            Get Value.
            </summary>
            <typeparam name="T">Model Type.</typeparam>
            <param name="configKey">Cookie Key.</param>
            <returns>ModelItem Key.</returns>
        </member>
        <member name="M:Newegg.EC.Cookie.CookieManager.SetValue``1(System.String,``0)">
            <summary>
            Set Cookie Value.
            </summary>
            <typeparam name="T">Model Type.</typeparam>
            <param name="configKey">Cookie Key.</param>
            <param name="value">Cookie Value.</param>
        </member>
        <member name="M:Newegg.EC.Cookie.CookieManager.ClearValue(System.String)">
            <summary>
            Clear Cookie Value.
            </summary>
            <param name="configKey">Cookie Key.</param>
        </member>
        <member name="M:Newegg.EC.Cookie.CookieManager.ToEncryption``1(``0,System.String)">
            <summary>
            Encryption Object item.
            </summary>
            <typeparam name="T">Cookie Value Type.</typeparam>
            <param name="value">Cookie Value.</param>
            <param name="etype">Item Type.</param>
        </member>
        <member name="M:Newegg.EC.Cookie.CookieManager.CookieEncode(System.String)">
            <summary>
            Used for cookie.
            </summary>
            <param name="input">Input item.</param>
            <returns>Return item.</returns>
        </member>
        <member name="M:Newegg.EC.Cookie.CookieManager.CookieDecode(System.String)">
            <summary>
             Used for cookie.
            </summary>
            <param name="input">Input item.</param>
            <returns>Return Item.</returns>
        </member>
        <member name="T:Newegg.EC.Cookie.ECEncryptionAttribute">
            <summary>
            Encryption Attribute.
            </summary>
        </member>
        <member name="M:Newegg.EC.Cookie.ECEncryptionAttribute.#ctor">
            <summary>
            Initializes a new instance of the ECEncryptionAttribute class.
            </summary>
        </member>
        <member name="M:Newegg.EC.Cookie.ECEncryptionAttribute.#ctor(Newegg.EC.Cryptograph.CryptoAlgorithm)">
            <summary>
            Initializes a new instance of the ECEncryptionAttribute class.
            </summary>
            <param name="crypto">CryptoAlgorithm enum.</param>
        </member>
        <member name="P:Newegg.EC.Cookie.ECEncryptionAttribute.EncrypteType">
            <summary>
            Gets or sets Encrypte Type.
            </summary>
        </member>
        <member name="T:Newegg.EC.Cookie.CookieSerializer">
            <summary>
            Cookie Serializer.
            </summary>
        </member>
        <member name="M:Newegg.EC.Cookie.CookieSerializer.Serialize``1(``0)">
            <summary>
            To Serialize.
            </summary>
            <typeparam name="T">Object Type.</typeparam>
            <param name="siteCookie">Object Value.</param>
            <returns>Serialize String.</returns>
        </member>
        <member name="M:Newegg.EC.Cookie.CookieSerializer.Deserialize``1(System.String)">
            <summary>
            To Deserialize.
            </summary>
            <typeparam name="T">Object Type.</typeparam>
            <param name="siteCookie">Cookie String.</param>
            <returns>Cookie Object.</returns>
        </member>
    </members>
</doc>
