<?xml version="1.0"?>
<doc>
    <assembly>
        <name>Newegg.EC.Net.Http</name>
    </assembly>
    <members>
        <member name="T:Newegg.EC.Net.Http.Formating.DefaultContentTypeSerializerRepository">
            <summary>
            Default content type serializer repository.
            </summary>
        </member>
        <member name="T:Newegg.EC.Net.Http.Formating.IContentTypeSerializerRepository">
            <summary>
            Content type serializer repository.
            </summary>
        </member>
        <member name="M:Newegg.EC.Net.Http.Formating.IContentTypeSerializerRepository.GetSerializer(System.String)">
            <summary>
            Get serializer.
            </summary>
            <param name="contentType">Content type.</param>
            <returns>Serializer instance.</returns>
        </member>
        <member name="M:Newegg.EC.Net.Http.Formating.DefaultContentTypeSerializerRepository.GetSerializer(System.String)">
            <summary>
            Get serializer.
            </summary>
            <param name="contentType">Content type.</param>
            <returns>Serializer instance.</returns>
        </member>
        <member name="T:Newegg.EC.Net.Http.Formating.DefaultMediaTypeFormattersRepository">
            <summary>
            Default media type formatter repository.
            </summary>
        </member>
        <member name="T:Newegg.EC.Net.Http.Formating.IMediaTypeFormattersRepository">
            <summary>
            Media type repository.
            </summary>
        </member>
        <member name="M:Newegg.EC.Net.Http.Formating.IMediaTypeFormattersRepository.GetFormatters">
            <summary>
            Get media type formatter.
            </summary>
            <returns>Media type formatters.</returns>
        </member>
        <member name="M:Newegg.EC.Net.Http.Formating.DefaultMediaTypeFormattersRepository.GetFormatters">
            <summary>
            Get media type formatter.
            </summary>
            <returns>Media type formatters.</returns>
        </member>
        <member name="T:Newegg.EC.Net.Http.Formating.StringFormatter">
            <summary>
            EC version string media type formatter.
            </summary>
        </member>
        <member name="M:Newegg.EC.Net.Http.Formating.StringFormatter.#ctor">
            <summary>
            Initializes a new instance of the StringFormatter class.
            </summary>
        </member>
        <member name="M:Newegg.EC.Net.Http.Formating.StringFormatter.CanReadType(System.Type)">
            <summary>
            Queries whether this System.Net.Http.Formatting.MediaTypeFormatter can deserializean object of the specified type.
            </summary>
            <param name="type">The type to deserialize.</param>
            <returns>True if the System.Net.Http.Formatting.MediaTypeFormatter can deserialize the type; otherwise, false.</returns>
        </member>
        <member name="M:Newegg.EC.Net.Http.Formating.StringFormatter.CanWriteType(System.Type)">
            <summary>
            Queries whether this System.Net.Http.Formatting.MediaTypeFormatter can serializean object of the specified type.
            </summary>
            <param name="type">The type to serialize.</param>
            <returns>true if the System.Net.Http.Formatting.MediaTypeFormatter can serialize the type; otherwise, false.</returns>
        </member>
        <member name="M:Newegg.EC.Net.Http.Formating.StringFormatter.WriteToStream(System.Type,System.Object,System.IO.Stream,System.Net.Http.HttpContent)">
            <summary>
            Writes synchronously to the buffered stream.
            </summary>
            <remarks>
            An implementation of this method should close <paramref name="writeStream"/> upon completion.
            </remarks>
            <param name="type">The type of the object to write.</param>
            <param name="value">The object value to write.  It may be <c>null</c>.</param>
            <param name="writeStream">The <see cref="T:System.IO.Stream"/> to which to write.</param>
            <param name="content">The <see cref="T:System.Net.Http.HttpContent"/> if available. Note that modifying the headers of the content will have no effect on the generated HTTP message; they should only be used to guide the writing.</param>
        </member>
        <member name="M:Newegg.EC.Net.Http.Formating.StringFormatter.ReadFromStream(System.Type,System.IO.Stream,System.Net.Http.HttpContent,System.Net.Http.Formatting.IFormatterLogger)">
            <summary>
            Reads synchronously from the buffered stream.
            </summary>
            <remarks>
            An implementation of this method should close <paramref name="readStream"/> upon completion.
            </remarks>
            <param name="type">The type of the object to deserialize.</param>
            <param name="readStream">The <see cref="T:System.IO.Stream"/> to read.</param>
            <param name="content">The <see cref="T:System.Net.Http.HttpContent"/> if available.</param>
            <param name="formatterLogger">The <see cref="T:System.Net.Http.Formatting.IFormatterLogger"/> to log events to.</param>
            <returns>An object of the given type.</returns>
        </member>
        <member name="T:Newegg.EC.Net.Http.HttpMessageHandler.LogProcessHandler">
            <summary>
            Log request and response information handler.
            </summary>
        </member>
        <member name="F:Newegg.EC.Net.Http.HttpMessageHandler.LogProcessHandler.taskfactory">
            <summary>
            Task factory.
            </summary>
        </member>
        <member name="F:Newegg.EC.Net.Http.HttpMessageHandler.LogProcessHandler.config">
            <summary>
            Restful service config repository.
            </summary>
        </member>
        <member name="M:Newegg.EC.Net.Http.HttpMessageHandler.LogProcessHandler.ProcessRequest(System.Net.Http.HttpRequestMessage,System.Threading.CancellationToken)">
            <summary>
            Processes an HTTP request message.
            </summary>
            <param name="request">The HTTP request message to process.</param>
            <param name="cancellationToken">A cancellation token that can be used by other objects or threads to receive notice of cancellation.</param>
            <returns>Returns System.Net.Http.HttpRequestMessage.The HTTP request message that was processed.</returns>
        </member>
        <member name="M:Newegg.EC.Net.Http.HttpMessageHandler.LogProcessHandler.ProcessResponse(System.Net.Http.HttpResponseMessage,System.Threading.CancellationToken)">
            <summary>
            Processes an HTTP response message.
            </summary>
            <param name="response">The HTTP response message to process.</param>
            <param name="cancellationToken">A cancellation token that can be used by other objects or threads to receive notice of cancellation.</param>
            <returns>Returns System.Net.Http.HttpResponseMessage.The HTTP response message that was processed.</returns>
        </member>
        <member name="M:Newegg.EC.Net.Http.HttpMessageHandler.LogProcessHandler.LogRequest(System.Net.Http.HttpRequestMessage)">
            <summary>
            Log request.
            </summary>
            <param name="request">The HTTP request message to process.</param>
        </member>
        <member name="M:Newegg.EC.Net.Http.HttpMessageHandler.LogProcessHandler.LogResponse(System.Net.Http.HttpResponseMessage)">
            <summary>
            Log request.
            </summary>
            <param name="response">The HTTP response message to process.</param>
        </member>
        <member name="T:Newegg.EC.Net.Http.HttpClientRestfulClient">
            <summary>
            Http client restful client.
            </summary>
        </member>
        <member name="F:Newegg.EC.Net.Http.HttpClientRestfulClient.restfulRequestRepository">
            <summary>
            Restful request repository.
            </summary>
        </member>
        <member name="M:Newegg.EC.Net.Http.HttpClientRestfulClient.Create">
            <summary>
            Create new restful request.
            </summary>
            <returns>Restful request.</returns>
        </member>
        <member name="M:Newegg.EC.Net.Http.HttpClientRestfulClient.Create``1">
            <summary>
            Create new generic restful request.
            </summary>
            <typeparam name="TRequest">Type of request body.</typeparam>
            <returns>Restful request.</returns>
        </member>
        <member name="M:Newegg.EC.Net.Http.HttpClientRestfulClient.GetRequestFromConfiguration(System.String)">
            <summary>
            Get request from configuration.
            </summary>
            <param name="configedResourceKey">Configed resource key.</param>
            <returns>Restful request.</returns>
        </member>
        <member name="M:Newegg.EC.Net.Http.HttpClientRestfulClient.GetRequestFromConfiguration``1(System.String)">
            <summary>
            Get generic request from configuration.
            </summary>
            <typeparam name="TRequest">Type of request body.</typeparam>
            <param name="configedResourceKey">Configed resource key.</param>
            <returns>Restful request.</returns>
        </member>
        <member name="M:Newegg.EC.Net.Http.HttpClientRestfulClient.SendAsync(Newegg.EC.Net.Http.IRestfulRequest)">
            <summary>
            Send request async.
            </summary>
            <param name="request">Restful request.</param>
            <returns>Restful response.</returns>
        </member>
        <member name="M:Newegg.EC.Net.Http.HttpClientRestfulClient.SendAsync``1(Newegg.EC.Net.Http.IRestfulRequest)">
            <summary>
            Send request async.
            </summary>
            <typeparam name="TResponse">Type of response body.</typeparam>
            <param name="request">Restful request.</param>
            <returns>Restful response.</returns>
        </member>
        <member name="M:Newegg.EC.Net.Http.HttpClientRestfulClient.SendAsync``1(Newegg.EC.Net.Http.IRestfulRequest{``0})">
            <summary>
            Send request async.
            </summary>
            <typeparam name="TRequest">Type of request body.</typeparam>
            <param name="request">Restful request.</param>
            <returns>Restful response.</returns>
        </member>
        <member name="M:Newegg.EC.Net.Http.HttpClientRestfulClient.SendAsync``2(Newegg.EC.Net.Http.IRestfulRequest{``0})">
            <summary>
            Send request async.
            </summary>
            <typeparam name="TRequest">Type of request body.</typeparam>
            <typeparam name="TResponse">Type of response body.</typeparam>
            <param name="request">Restful request.</param>
            <returns>Restful response.</returns>
        </member>
        <member name="T:Newegg.EC.Net.Http.HttpInstance.HttpDelete">
            <summary>
            Http Delete Instance.
            </summary>
        </member>
        <member name="F:Newegg.EC.Net.Http.HttpInstance.HttpDelete.HttpInstance">
            <summary>
            HttpClient instance for post methord.
            </summary>
        </member>
        <member name="M:Newegg.EC.Net.Http.HttpInstance.HttpDelete.#cctor">
            <summary>
            Initializes static members of the HttpDelete class.
            </summary>
        </member>
        <member name="M:Newegg.EC.Net.Http.HttpInstance.HttpDelete.#ctor">
            <summary>
            Prevents a default instance of the HttpDelete class from being created.
            </summary>
        </member>
        <member name="M:Newegg.EC.Net.Http.HttpInstance.HttpDelete.GetResponseAsync(Newegg.EC.Net.Http.IRestfulRequest,System.String)">
            <summary>
            Get Response Async.
            </summary>
            <param name="myRequest">Request param.</param>
            <param name="url">Request url.</param>
            <returns>Response Message.</returns>
        </member>
        <member name="M:Newegg.EC.Net.Http.HttpInstance.HttpDelete.InitRequestMessage(Newegg.EC.Net.Http.IRestfulRequest,System.String)">
            <summary>
            Initialize HttpMessage.
            </summary>
            <param name="request">Request params.</param>
            <param name="url">Request url.</param>
            <returns>Http Request Message.</returns>
        </member>
        <member name="T:Newegg.EC.Net.Http.HttpInstance.HttpGet">
            <summary>
            Http Get Instance.
            </summary>
        </member>
        <member name="F:Newegg.EC.Net.Http.HttpInstance.HttpGet.HttpInstance">
            <summary>
            HttpClient instance for Get methord.
            </summary>
        </member>
        <member name="F:Newegg.EC.Net.Http.HttpInstance.HttpGet.configRepository">
            <summary>
            Config repository.
            </summary>
        </member>
        <member name="M:Newegg.EC.Net.Http.HttpInstance.HttpGet.#cctor">
            <summary>
            Initializes static members of the HttpGet class.
            </summary>
        </member>
        <member name="M:Newegg.EC.Net.Http.HttpInstance.HttpGet.#ctor">
            <summary>
            Prevents a default instance of the HttpGet class from being created.
            </summary>
        </member>
        <member name="M:Newegg.EC.Net.Http.HttpInstance.HttpGet.GetResponseAsync(Newegg.EC.Net.Http.IRestfulRequest,System.String)">
            <summary>
            Get Response Async.
            </summary>
            <param name="myRequest">Request param.</param>
            <param name="url">Request url.</param>
            <returns>Response Message.</returns>
        </member>
        <member name="M:Newegg.EC.Net.Http.HttpInstance.HttpGet.InitRequestMessage(Newegg.EC.Net.Http.IRestfulRequest,System.String)">
            <summary>
            Initialize HttpMessage.
            </summary>
            <param name="myRequest">Request params.</param>
            <param name="url">Request url.</param>
            <returns>Http Request Message.</returns>
        </member>
        <member name="T:Newegg.EC.Net.Http.HttpInstance.HttpPost">
            <summary>
            Http Post Instance.
            </summary>
        </member>
        <member name="F:Newegg.EC.Net.Http.HttpInstance.HttpPost.HttpInstance">
            <summary>
            HttpClient instance for post methord.
            </summary>
        </member>
        <member name="F:Newegg.EC.Net.Http.HttpInstance.HttpPost.configRepository">
            <summary>
            Config repository.
            </summary>
        </member>
        <member name="M:Newegg.EC.Net.Http.HttpInstance.HttpPost.#cctor">
            <summary>
            Initializes static members of the HttpPost class.
            </summary>
        </member>
        <member name="M:Newegg.EC.Net.Http.HttpInstance.HttpPost.#ctor">
            <summary>
            Prevents a default instance of the HttpPost class from being created.
            </summary>
        </member>
        <member name="M:Newegg.EC.Net.Http.HttpInstance.HttpPost.GetResponseAsync(Newegg.EC.Net.Http.IRestfulRequest,System.String)">
            <summary>
            Get Response Async.
            </summary>
            <param name="myRequest">Request param.</param>
            <param name="url">Request url.</param>
            <returns>Response Message.</returns>
        </member>
        <member name="M:Newegg.EC.Net.Http.HttpInstance.HttpPost.InitRequestMessage(Newegg.EC.Net.Http.IRestfulRequest,System.String)">
            <summary>
            Initialize HttpMessage.
            </summary>
            <param name="myRequest">Request params.</param>
            <param name="url">Request url.</param>
            <returns>Http Request Message.</returns>
        </member>
        <member name="T:Newegg.EC.Net.Http.HttpInstance.HttpPut">
            <summary>
            Http Put Instance.
            </summary>
        </member>
        <member name="F:Newegg.EC.Net.Http.HttpInstance.HttpPut.HttpInstance">
            <summary>
            HttpClient instance for post methord.
            </summary>
        </member>
        <member name="F:Newegg.EC.Net.Http.HttpInstance.HttpPut.configRepository">
            <summary>
            Config repository.
            </summary>
        </member>
        <member name="M:Newegg.EC.Net.Http.HttpInstance.HttpPut.#cctor">
            <summary>
            Initializes static members of the HttpPut class.
            </summary>
        </member>
        <member name="M:Newegg.EC.Net.Http.HttpInstance.HttpPut.#ctor">
            <summary>
            Prevents a default instance of the HttpPut class from being created.
            </summary>
        </member>
        <member name="M:Newegg.EC.Net.Http.HttpInstance.HttpPut.GetResponseAsync(Newegg.EC.Net.Http.IRestfulRequest,System.String)">
            <summary>
            Get Response Async.
            </summary>
            <param name="myRequest">Request param.</param>
            <param name="url">Request url.</param>
            <returns>Response Message.</returns>
        </member>
        <member name="M:Newegg.EC.Net.Http.HttpInstance.HttpPut.InitRequestMessage(Newegg.EC.Net.Http.IRestfulRequest,System.String)">
            <summary>
            Initialize HttpMessage.
            </summary>
            <param name="myRequest">Request params.</param>
            <param name="url">Request url.</param>
            <returns>Http Request Message.</returns>
        </member>
        <member name="T:Newegg.EC.Net.Http.RestfulDeleteProcessor">
            <summary>
            Restful delete processor.
            </summary>
        </member>
        <member name="T:Newegg.EC.Net.Http.RestfulBaseProcessor">
            <summary>
            Restful base processor.
            </summary>
        </member>
        <member name="T:Newegg.EC.Net.Http.IRestfulProcessor">
            <summary>
            Restful processor.
            </summary>
        </member>
        <member name="M:Newegg.EC.Net.Http.IRestfulProcessor.SendAsync(Newegg.EC.Net.Http.IRestfulRequest)">
            <summary>
            Send request async.
            </summary>
            <param name="request">Restful request.</param>
            <returns>Restful response.</returns>
        </member>
        <member name="M:Newegg.EC.Net.Http.IRestfulProcessor.SendAsync``1(Newegg.EC.Net.Http.IRestfulRequest)">
            <summary>
            Send request async.
            </summary>
            <typeparam name="TResponse">Type of response body.</typeparam>
            <param name="request">Restful request.</param>
            <returns>Restful response.</returns>
        </member>
        <member name="M:Newegg.EC.Net.Http.IRestfulProcessor.SendAsync``1(Newegg.EC.Net.Http.IRestfulRequest{``0})">
            <summary>
            Send request async.
            </summary>
            <typeparam name="TRequest">Type of request body.</typeparam>
            <param name="request">Restful request.</param>
            <returns>Restful response.</returns>
        </member>
        <member name="M:Newegg.EC.Net.Http.IRestfulProcessor.SendAsync``2(Newegg.EC.Net.Http.IRestfulRequest{``0})">
            <summary>
            Send request async.
            </summary>
            <typeparam name="TRequest">Type of request body.</typeparam>
            <typeparam name="TResponse">Type of response body.</typeparam>
            <param name="request">Restful request.</param>
            <returns>Restful response.</returns>
        </member>
        <member name="F:Newegg.EC.Net.Http.RestfulBaseProcessor.regex">
            <summary>
            My regex.
            </summary>
        </member>
        <member name="F:Newegg.EC.Net.Http.RestfulBaseProcessor.random">
            <summary>
            My random.
            </summary>
        </member>
        <member name="F:Newegg.EC.Net.Http.RestfulBaseProcessor.hostRepository">
            <summary>
            Host repository.
            </summary>
        </member>
        <member name="F:Newegg.EC.Net.Http.RestfulBaseProcessor.configRepository">
            <summary>
            Config repository.
            </summary>
        </member>
        <member name="F:Newegg.EC.Net.Http.RestfulBaseProcessor.webrequestHeaderNameMapping">
            <summary>
            Webrequest header name mapping.
            </summary>
        </member>
        <member name="M:Newegg.EC.Net.Http.RestfulBaseProcessor.SendAsync(Newegg.EC.Net.Http.IRestfulRequest)">
            <summary>
            Send request async.
            </summary>
            <param name="request">Restful request.</param>
            <returns>Restful response.</returns>
        </member>
        <member name="M:Newegg.EC.Net.Http.RestfulBaseProcessor.SendAsync``1(Newegg.EC.Net.Http.IRestfulRequest)">
            <summary>
            Send request async.
            </summary>
            <typeparam name="TResponse">Type of response body.</typeparam>
            <param name="request">Restful request.</param>
            <returns>Restful response.</returns>
        </member>
        <member name="M:Newegg.EC.Net.Http.RestfulBaseProcessor.SendAsync``1(Newegg.EC.Net.Http.IRestfulRequest{``0})">
            <summary>
            Send request async.
            </summary>
            <typeparam name="TRequest">Type of request body.</typeparam>
            <param name="request">Restful request.</param>
            <returns>Restful response.</returns>
        </member>
        <member name="M:Newegg.EC.Net.Http.RestfulBaseProcessor.SendAsync``2(Newegg.EC.Net.Http.IRestfulRequest{``0})">
            <summary>
            Send request async.
            </summary>
            <typeparam name="TRequest">Type of request body.</typeparam>
            <typeparam name="TResponse">Type of response body.</typeparam>
            <param name="request">Restful request.</param>
            <returns>Restful response.</returns>
        </member>
        <member name="M:Newegg.EC.Net.Http.RestfulBaseProcessor.SendWithRetryAsync(Newegg.EC.Net.Http.IRestfulRequest)">
            <summary>
            Send request with retry.
            </summary>
            <param name="request">Restful request.</param>
            <returns>Http response message.</returns>
        </member>
        <member name="M:Newegg.EC.Net.Http.RestfulBaseProcessor.SendWithRetryAsync``1(Newegg.EC.Net.Http.IRestfulRequest)">
            <summary>
            Send request with retry.
            </summary>
            <typeparam name="T">Will Conver Type.</typeparam>
            <param name="request">Restful request.</param>
            <returns>Http response message.</returns>
        </member>
        <member name="M:Newegg.EC.Net.Http.RestfulBaseProcessor.SendAsync(Newegg.EC.Net.Http.IRestfulRequest,System.String)">
            <summary>
            Send request.
            </summary>
            <param name="request">Http request.</param>
            <param name="url">Request url.</param>
            <returns>Http response message.</returns>
        </member>
        <member name="M:Newegg.EC.Net.Http.RestfulBaseProcessor.SendAsync``1(Newegg.EC.Net.Http.IRestfulRequest,System.String)">
            <summary>
            Send request.
            </summary>
            <typeparam name="T">Response Type.</typeparam>
            <param name="request">Http request.</param>
            <param name="url">Request URL.</param>
            <returns>Response Result.</returns>
        </member>
        <member name="M:Newegg.EC.Net.Http.RestfulBaseProcessor.GenerateUrl(Newegg.EC.Net.Http.IRestfulRequest)">
            <summary>
            Generate request url.
            </summary>
            <param name="request">Restful request.</param>
            <returns>Request url.</returns>
        </member>
        <member name="M:Newegg.EC.Net.Http.RestfulBaseProcessor.GenerateBackupUrl(Newegg.EC.Net.Http.IRestfulRequest)">
            <summary>
            Generate backup url.
            </summary>
            <param name="request">Restful request.</param>
            <returns>Backup url.</returns>
        </member>
        <member name="M:Newegg.EC.Net.Http.RestfulBaseProcessor.ResolveUrl(Newegg.EC.Net.Http.IRestfulRequest)">
            <summary>
            Resolver url parameters, query string and others.
            </summary>
            <param name="request">Restful request.</param>
            <returns>Resolved url.</returns>
        </member>
        <member name="M:Newegg.EC.Net.Http.RestfulBaseProcessor.GetHostUrl(System.String)">
            <summary>
            Get host url.
            </summary>
            <param name="hostname">Host name.</param>
            <returns>Host url.</returns>
        </member>
        <member name="M:Newegg.EC.Net.Http.RestfulBaseProcessor.GetUrlParameters(System.String)">
            <summary>
            Get url Parameters.
            </summary>
            <param name="url">Restful request url.</param>
            <returns>Url parameters.</returns>
        </member>
        <member name="M:Newegg.EC.Net.Http.RestfulBaseProcessor.FormatQueryString(System.Collections.Generic.Dictionary{System.String,System.String}@,System.Collections.Generic.IDictionary{System.String,System.String})">
            <summary>
            Format query string name.
            </summary>
            <param name="formattedQuerystrings">Formatted query string.</param>
            <param name="originalQuerystrings">Qriginal query strings.</param>
        </member>
        <member name="M:Newegg.EC.Net.Http.RestfulBaseProcessor.ResolveUrl(Newegg.EC.Net.Http.IRestfulRequest,System.Collections.Generic.Dictionary{System.String,System.String})">
            <summary>
            Resolver url parameters, query string and others.
            </summary>
            <param name="request">Restful request.</param>
            <param name="formattedQuerystrings">Formatted query string.</param>
            <returns>Resolved url.</returns>
        </member>
        <member name="M:Newegg.EC.Net.Http.RestfulBaseProcessor.SetTimeout(System.Net.Http.HttpClient,Newegg.EC.Net.Http.IRestfulRequest)">
            <summary>
            Set timeout.
            </summary>
            <param name="client">Http client.</param>
            <param name="request">Restful request.</param>
        </member>
        <member name="M:Newegg.EC.Net.Http.RestfulBaseProcessor.SetMaxResponseSize(System.Net.Http.HttpClient,Newegg.EC.Net.Http.IRestfulRequest)">
            <summary>
            Set max response size.
            </summary>
            <param name="client">Http client.</param>
            <param name="request">Restful request.</param>
        </member>
        <member name="M:Newegg.EC.Net.Http.RestfulBaseProcessor.GetWebRequestHeaderName(System.String)">
            <summary>
            Get web request header name.
            </summary>
            <param name="originalHeaderName">Original header name.</param>
            <returns>Web request header name.</returns>
        </member>
        <member name="M:Newegg.EC.Net.Http.RestfulBaseProcessor.BuildWebrequestHeaderNameMapping">
            <summary>
            Build web request header name mapping.
            </summary>
            <returns>Mapping dictionary.</returns>
        </member>
        <member name="M:Newegg.EC.Net.Http.RestfulDeleteProcessor.SendAsync(Newegg.EC.Net.Http.IRestfulRequest,System.String)">
            <summary>
            Send request.
            </summary>
            <param name="request">Http request.</param>
            <param name="url">Request url.</param>
            <returns>Http response message.</returns>
        </member>
        <member name="M:Newegg.EC.Net.Http.RestfulDeleteProcessor.SendAsync``1(Newegg.EC.Net.Http.IRestfulRequest,System.String)">
            <summary>
            Send Request.
            </summary>
            <typeparam name="T">Response Type.</typeparam>
            <param name="request">Request Item.</param>
            <param name="url">Request url.</param>
            <returns>Response result.</returns>
        </member>
        <member name="M:Newegg.EC.Net.Http.RestfulDeleteProcessor.ResolveUrl(Newegg.EC.Net.Http.IRestfulRequest)">
            <summary>
            Resolver url parameters, query string and others.
            </summary>
            <param name="request">Restful request.</param>
            <returns>Resolved url.</returns>
        </member>
        <member name="M:Newegg.EC.Net.Http.RestfulDeleteProcessor.LoadRequestBody(System.Collections.Generic.Dictionary{System.String,System.String}@,Newegg.EC.Net.Http.IRestfulRequest)">
            <summary>
            Load request body to query string.
            </summary>
            <param name="formattedQuerystrings">Formatted query string.</param>
            <param name="request">Restful request.</param>
        </member>
        <member name="T:Newegg.EC.Net.Http.RestfulPutProcessor">
            <summary>
            Restful put processor.
            </summary>
        </member>
        <member name="M:Newegg.EC.Net.Http.RestfulPutProcessor.SendAsync(Newegg.EC.Net.Http.IRestfulRequest,System.String)">
            <summary>
            Send request.
            </summary>
            <param name="request">Http request.</param>
            <param name="url">Request url.</param>
            <returns>Http response message.</returns>
        </member>
        <member name="M:Newegg.EC.Net.Http.RestfulPutProcessor.SendAsync``1(Newegg.EC.Net.Http.IRestfulRequest,System.String)">
            <summary>
            Send Request.
            </summary>
            <typeparam name="T">Response Type.</typeparam>
            <param name="request">Request Item.</param>
            <param name="url">Request url.</param>
            <returns>Response result.</returns>
        </member>
        <member name="T:Newegg.EC.Net.Http.RestfulPostProcessor">
            <summary>
            Restful post processor.
            </summary>
        </member>
        <member name="M:Newegg.EC.Net.Http.RestfulPostProcessor.SendAsync(Newegg.EC.Net.Http.IRestfulRequest,System.String)">
            <summary>
            Send request.
            </summary>
            <param name="request">Http request.</param>
            <param name="url">Request url.</param>
            <returns>Http response message.</returns>
        </member>
        <member name="M:Newegg.EC.Net.Http.RestfulPostProcessor.SendAsync``1(Newegg.EC.Net.Http.IRestfulRequest,System.String)">
            <summary>
            Send Request.
            </summary>
            <typeparam name="T">Response Type.</typeparam>
            <param name="request">Request Item.</param>
            <param name="url">Request url.</param>
            <returns>Response result.</returns>
        </member>
        <member name="T:Newegg.EC.Net.Http.RestfulGetProcessor">
            <summary>
            Restful get processor.
            </summary>
        </member>
        <member name="F:Newegg.EC.Net.Http.RestfulGetProcessor.configRepository">
            <summary>
            Restful Config Repository.
            </summary>
        </member>
        <member name="F:Newegg.EC.Net.Http.RestfulGetProcessor.cacheManager">
            <summary>
            Cache operation.
            </summary>
        </member>
        <member name="M:Newegg.EC.Net.Http.RestfulGetProcessor.SendAsync(Newegg.EC.Net.Http.IRestfulRequest,System.String)">
            <summary>
            Send request.
            </summary>
            <param name="request">Http request.</param>
            <param name="url">Request url.</param>
            <returns>Http response message.</returns>
        </member>
        <member name="M:Newegg.EC.Net.Http.RestfulGetProcessor.SendAsync``1(Newegg.EC.Net.Http.IRestfulRequest,System.String)">
            <summary>
            Send Request.
            </summary>
            <typeparam name="T">Response Type.</typeparam>
            <param name="request">Request Item.</param>
            <param name="url">Request url.</param>
            <returns>Response result.</returns>
        </member>
        <member name="M:Newegg.EC.Net.Http.RestfulGetProcessor.ResolveUrl(Newegg.EC.Net.Http.IRestfulRequest)">
            <summary>
            Resolver url parameters, query string and others.
            </summary>
            <param name="request">Restful request.</param>
            <returns>Resolved url.</returns>
        </member>
        <member name="M:Newegg.EC.Net.Http.RestfulGetProcessor.LoadRequestBody(System.Collections.Generic.Dictionary{System.String,System.String}@,Newegg.EC.Net.Http.IRestfulRequest)">
            <summary>
            Load request body to query string.
            </summary>
            <param name="formattedQuerystrings">Formatted query string.</param>
            <param name="request">Restful request.</param>
        </member>
        <member name="M:Newegg.EC.Net.Http.RestfulGetProcessor.GetCacheItemAsync(Newegg.EC.Net.Http.IRestfulRequest,System.String,System.Runtime.Caching.DefaultCacheCapabilities,System.TimeSpan)">
            <summary>
            Get Cache Item.
            </summary>
            <param name="request">Request item.</param>
            <param name="url">Request url.</param>
            <param name="policy">Cache policy.</param>
            <param name="time">Cache time.</param>
            <returns>Cache item.</returns>
        </member>
        <member name="M:Newegg.EC.Net.Http.RestfulGetProcessor.GetCacheItemAsync``1(Newegg.EC.Net.Http.IRestfulRequest,System.String,System.Runtime.Caching.DefaultCacheCapabilities,System.TimeSpan)">
            <summary>
            Get Cache Item.
            </summary>
            <typeparam name="T">Response Type.</typeparam>
            <param name="request">Request Item.</param>
            <param name="url">Request url.</param>
            <param name="policy">Cache Policy.</param>
            <param name="time">Cache time.</param>
            <returns>Response result.</returns>
        </member>
        <member name="T:Newegg.EC.Net.Http.RestfulProcessorFactory">
            <summary>
            Restful processor factory.
            </summary>
        </member>
        <member name="F:Newegg.EC.Net.Http.RestfulProcessorFactory.Get">
            <summary>
            Get processor.
            </summary>
        </member>
        <member name="F:Newegg.EC.Net.Http.RestfulProcessorFactory.Post">
            <summary>
            Post processor.
            </summary>
        </member>
        <member name="F:Newegg.EC.Net.Http.RestfulProcessorFactory.Put">
            <summary>
            Post processor.
            </summary>
        </member>
        <member name="F:Newegg.EC.Net.Http.RestfulProcessorFactory.Delete">
            <summary>
            Post processor.
            </summary>
        </member>
        <member name="M:Newegg.EC.Net.Http.RestfulProcessorFactory.Create(Newegg.EC.Net.Http.VerbType)">
            <summary>
            Crate restful processor.
            </summary>
            <param name="verb">Http verb.</param>
            <returns>Restful processor.</returns>
        </member>
        <member name="T:Newegg.EC.Net.Http.DefaultRestfulRequest`1">
            <summary>
            Generic default restful request.
            </summary>
            <typeparam name="TRequest">Type of request body.</typeparam>
        </member>
        <member name="T:Newegg.EC.Net.Http.DefaultRestfulRequest">
            <summary>
            Default implement of restful request.
            </summary>
        </member>
        <member name="F:Newegg.EC.Net.Http.DefaultRestfulRequest.hostRepository">
            <summary>
            Host repository.
            </summary>
        </member>
        <member name="F:Newegg.EC.Net.Http.DefaultRestfulRequest.internalBackUpHosts">
            <summary>
            Internal backup hosts.
            </summary>
        </member>
        <member name="F:Newegg.EC.Net.Http.DefaultRestfulRequest.internalUrlParameters">
            <summary>
            Internal url parameters.
            </summary>
        </member>
        <member name="F:Newegg.EC.Net.Http.DefaultRestfulRequest.internalReadonlyUrlParameters">
            <summary>
            Internal read only url parameters.
            </summary>
        </member>
        <member name="F:Newegg.EC.Net.Http.DefaultRestfulRequest.modifiedUrlParameters">
            <summary>
            Url parameters have been modified.
            </summary>
        </member>
        <member name="F:Newegg.EC.Net.Http.DefaultRestfulRequest.internalHeaders">
            <summary>
            Internal headers.
            </summary>
        </member>
        <member name="F:Newegg.EC.Net.Http.DefaultRestfulRequest.internalReadonlyHeaders">
            <summary>
            Internal read only headers.
            </summary>
        </member>
        <member name="F:Newegg.EC.Net.Http.DefaultRestfulRequest.modifiedHeaders">
            <summary>
            Headers have been modified.
            </summary>
        </member>
        <member name="F:Newegg.EC.Net.Http.DefaultRestfulRequest.awaitContext">
            <summary>
            Task Continue await Thread Context.
            </summary>
        </member>
        <member name="F:Newegg.EC.Net.Http.DefaultRestfulRequest.internalCookies">
            <summary>
            Internal cookies.
            </summary>
        </member>
        <member name="F:Newegg.EC.Net.Http.DefaultRestfulRequest.internalReadonlyCookies">
            <summary>
            Internal read only cookies.
            </summary>
        </member>
        <member name="F:Newegg.EC.Net.Http.DefaultRestfulRequest.modifiedCookies">
            <summary>
            Cookies have been modified.
            </summary>
        </member>
        <member name="F:Newegg.EC.Net.Http.DefaultRestfulRequest.internalHost">
            <summary>
            Internal host.
            </summary>
        </member>
        <member name="F:Newegg.EC.Net.Http.DefaultRestfulRequest.internalUrl">
            <summary>
            Internal url.
            </summary>
        </member>
        <member name="M:Newegg.EC.Net.Http.DefaultRestfulRequest.#ctor">
            <summary>
            Initializes a new instance of the DefaultRestfulRequest class.
            </summary>
        </member>
        <member name="M:Newegg.EC.Net.Http.DefaultRestfulRequest.#ctor(Newegg.EC.Net.Http.IRestfulRequest)">
            <summary>
            Initializes a new instance of the DefaultRestfulRequest class.
            </summary>
            <param name="request">Original request.</param>
        </member>
        <member name="M:Newegg.EC.Net.Http.DefaultRestfulRequest.AddBackupHost(System.String)">
            <summary>
            Add backup host.
            </summary>
            <param name="hostName">Restful resource host.</param>
        </member>
        <member name="M:Newegg.EC.Net.Http.DefaultRestfulRequest.SetUrlParameter(System.String,System.String)">
            <summary>
            Add or update url parameter.
            </summary>
            <param name="name">Url parameter name.</param>
            <param name="value">Url parameter value.</param>
        </member>
        <member name="M:Newegg.EC.Net.Http.DefaultRestfulRequest.SetHeader(System.String,System.String)">
            <summary>
            Add or update header.
            </summary>
            <param name="name">Header name.</param>
            <param name="value">Header value.</param>
        </member>
        <member name="M:Newegg.EC.Net.Http.DefaultRestfulRequest.SetCookie(System.String,System.String)">
            <summary>
            Add or update cookie.
            </summary>
            <param name="name">Cookie name.</param>
            <param name="value">Cookie value.</param>
        </member>
        <member name="M:Newegg.EC.Net.Http.DefaultRestfulRequest.HostIsValid(System.String)">
            <summary>
            Check whether host ia valid.
            </summary>
            <param name="hostName">Host name.</param>
            <returns>A value indicating whether host ia valid.</returns>
        </member>
        <member name="M:Newegg.EC.Net.Http.DefaultRestfulRequest.SetUrl(System.String)">
            <summary>
            Set url.
            </summary>
            <param name="originalUrl">Original url.</param>
        </member>
        <member name="M:Newegg.EC.Net.Http.DefaultRestfulRequest.StripQuery(System.String,System.String@)">
            <summary>
            Strip query string.
            </summary>
            <param name="path">Original path.</param>
            <param name="query">Query string.</param>
            <returns>Path without query string.</returns>
        </member>
        <member name="M:Newegg.EC.Net.Http.DefaultRestfulRequest.LoadQueryString(System.String)">
            <summary>
            Load query string.
            </summary>
            <param name="queryString">Query string.</param>
        </member>
        <member name="P:Newegg.EC.Net.Http.DefaultRestfulRequest.Verb">
            <summary>
            Gets or sets http verb.
            </summary>
        </member>
        <member name="P:Newegg.EC.Net.Http.DefaultRestfulRequest.Url">
            <summary>
            Gets or sets url.
            </summary>
        </member>
        <member name="P:Newegg.EC.Net.Http.DefaultRestfulRequest.Version">
            <summary>
            Gets or sets resource version.
            </summary>
        </member>
        <member name="P:Newegg.EC.Net.Http.DefaultRestfulRequest.IsValid">
            <summary>
            Gets a value indicating whether the request is valid.
            </summary>
        </member>
        <member name="P:Newegg.EC.Net.Http.DefaultRestfulRequest.IsAwaitContext">
            <summary>
            Gets or sets a value indicating whether Await Context.
            </summary>
        </member>
        <member name="P:Newegg.EC.Net.Http.DefaultRestfulRequest.Host">
            <summary>
            Gets or sets main host.
            </summary>
        </member>
        <member name="P:Newegg.EC.Net.Http.DefaultRestfulRequest.BackupHosts">
            <summary>
            Gets backup hosts.
            </summary>
        </member>
        <member name="P:Newegg.EC.Net.Http.DefaultRestfulRequest.UrlParameters">
            <summary>
            Gets url parameter collection.
            </summary>
        </member>
        <member name="P:Newegg.EC.Net.Http.DefaultRestfulRequest.Headers">
            <summary>
            Gets head collection.
            </summary>
        </member>
        <member name="P:Newegg.EC.Net.Http.DefaultRestfulRequest.Cookies">
            <summary>
            Gets cookie collection.
            </summary>
        </member>
        <member name="P:Newegg.EC.Net.Http.DefaultRestfulRequest.ReqeustBodyObject">
            <summary>
            Gets or sets request body object.
            </summary>
        </member>
        <member name="M:Newegg.EC.Net.Http.DefaultRestfulRequest`1.#ctor">
            <summary>
            Initializes a new instance of the DefaultRestfulRequest class.
            </summary>
        </member>
        <member name="M:Newegg.EC.Net.Http.DefaultRestfulRequest`1.#ctor(Newegg.EC.Net.Http.IRestfulRequest)">
            <summary>
            Initializes a new instance of the DefaultRestfulRequest class.
            </summary>
            <param name="request">Original request.</param>
        </member>
        <member name="P:Newegg.EC.Net.Http.DefaultRestfulRequest`1.ReqeustBodyObject">
            <summary>
            Gets or sets request body object.
            </summary>
        </member>
        <member name="P:Newegg.EC.Net.Http.DefaultRestfulRequest`1.ReqeustBody">
            <summary>
            Gets or sets request body.
            </summary>
        </member>
        <member name="T:Newegg.EC.Net.Http.DefaultRestfulRequestRepository">
            <summary>
            Default implement of restful request repository.
            </summary>
        </member>
        <member name="M:Newegg.EC.Net.Http.DefaultRestfulRequestRepository.Create">
            <summary>
            Create new restful request.
            </summary>
            <returns>Restful request.</returns>
        </member>
        <member name="M:Newegg.EC.Net.Http.DefaultRestfulRequestRepository.Create``1">
            <summary>
            Create new generic restful request.
            </summary>
            <typeparam name="TRequest">Type of request body.</typeparam>
            <returns>Restful request.</returns>
        </member>
        <member name="M:Newegg.EC.Net.Http.DefaultRestfulRequestRepository.GetRequestFromConfiguration(System.String)">
            <summary>
            Get request from configuration.
            </summary>
            <param name="configedResourceKey">Configed resource key.</param>
            <returns>Restful request.</returns>
        </member>
        <member name="M:Newegg.EC.Net.Http.DefaultRestfulRequestRepository.GetRequestFromConfiguration``1(System.String)">
            <summary>
            Get request from configuration.
            </summary>
            <typeparam name="TRequest">Type of request body.</typeparam>
            <param name="configedResourceKey">Configed resource key.</param>
            <returns>Restful request.</returns>
        </member>
        <member name="M:Newegg.EC.Net.Http.DefaultRestfulRequestRepository.GetFormattedKey(System.String)">
            <summary>
            Get formatted key.
            </summary>
            <param name="configedResourceKey">Configed resource key.</param>
            <returns>Formatted key.</returns>
        </member>
        <member name="T:Newegg.EC.Net.Http.ConfigedRestfulRequest">
            <summary>
            Configed restful request.
            </summary>
        </member>
        <member name="F:Newegg.EC.Net.Http.ConfigedRestfulRequest.configRepository">
            <summary>
            Config repository.
            </summary>
        </member>
        <member name="M:Newegg.EC.Net.Http.ConfigedRestfulRequest.#ctor(System.String)">
            <summary>
            Initializes a new instance of the ConfigedRestfulRequest class.
            </summary>
            <param name="configedResourceKey">Configed resource key.</param>
        </member>
        <member name="M:Newegg.EC.Net.Http.ConfigedRestfulRequest.LoadSetting(System.String)">
            <summary>
            Load restful service setting.
            </summary>
            <param name="settingName">Restful service setting name.</param>
        </member>
        <member name="M:Newegg.EC.Net.Http.ConfigedRestfulRequest.LoadBackupHosts(System.Collections.Generic.IEnumerable{System.String})">
            <summary>
            Load backup hosts.
            </summary>
            <param name="backupHosts">Backup hosts.</param>
        </member>
        <member name="M:Newegg.EC.Net.Http.ConfigedRestfulRequest.LoadUrlParameters(System.Collections.Generic.IEnumerable{Newegg.EC.Net.Http.IUrlParameterUnit})">
            <summary>
            Load url parameters.
            </summary>
            <param name="urlparameters">Url parameters.</param>
        </member>
        <member name="M:Newegg.EC.Net.Http.ConfigedRestfulRequest.LoadHeaders(System.Collections.Generic.IEnumerable{Newegg.EC.Net.Http.IHeadUnit})">
            <summary>
            Load headers.
            </summary>
            <param name="headers">Header values.</param>
        </member>
        <member name="M:Newegg.EC.Net.Http.ConfigedRestfulRequest.LoadCookies(System.Collections.Generic.IEnumerable{Newegg.EC.Net.Http.ICookieUnit})">
            <summary>
            Load cookies.
            </summary>
            <param name="cookies">Cookies values.</param>
        </member>
        <member name="T:Newegg.EC.Net.Http.Formating.GsonFormatter">
            <summary>
            Google protocal buffer media type formatter.
            </summary>
        </member>
        <member name="F:Newegg.EC.Net.Http.Formating.GsonFormatter.protobufSerializer">
            <summary>
            Protocal buffer serializer.
            </summary>
        </member>
        <member name="M:Newegg.EC.Net.Http.Formating.GsonFormatter.#ctor">
            <summary>
            Initializes a new instance of the GsonFormatter class.
            </summary>
        </member>
        <member name="M:Newegg.EC.Net.Http.Formating.GsonFormatter.CanReadType(System.Type)">
            <summary>
            Queries whether this System.Net.Http.Formatting.MediaTypeFormatter can deserializean object of the specified type.
            </summary>
            <param name="type">The type to deserialize.</param>
            <returns>True if the System.Net.Http.Formatting.MediaTypeFormatter can deserialize the type; otherwise, false.</returns>
        </member>
        <member name="M:Newegg.EC.Net.Http.Formating.GsonFormatter.CanWriteType(System.Type)">
            <summary>
            Queries whether this System.Net.Http.Formatting.MediaTypeFormatter can serializean object of the specified type.
            </summary>
            <param name="type">The type to serialize.</param>
            <returns>true if the System.Net.Http.Formatting.MediaTypeFormatter can serialize the type; otherwise, false.</returns>
        </member>
        <member name="M:Newegg.EC.Net.Http.Formating.GsonFormatter.WriteToStream(System.Type,System.Object,System.IO.Stream,System.Net.Http.HttpContent)">
            <summary>
            Writes synchronously to the buffered stream.
            </summary>
            <remarks>
            An implementation of this method should close <paramref name="writeStream"/> upon completion.
            </remarks>
            <param name="type">The type of the object to write.</param>
            <param name="value">The object value to write.  It may be <c>null</c>.</param>
            <param name="writeStream">The <see cref="T:System.IO.Stream"/> to which to write.</param>
            <param name="content">The <see cref="T:System.Net.Http.HttpContent"/> if available. Note that modifying the headers of the content will have no effect on the generated HTTP message; they should only be used to guide the writing.</param>
        </member>
        <member name="M:Newegg.EC.Net.Http.Formating.GsonFormatter.ReadFromStream(System.Type,System.IO.Stream,System.Net.Http.HttpContent,System.Net.Http.Formatting.IFormatterLogger)">
            <summary>
            Reads synchronously from the buffered stream.
            </summary>
            <remarks>
            An implementation of this method should close <paramref name="readStream"/> upon completion.
            </remarks>
            <param name="type">The type of the object to deserialize.</param>
            <param name="readStream">The <see cref="T:System.IO.Stream"/> to read.</param>
            <param name="content">The <see cref="T:System.Net.Http.HttpContent"/> if available.</param>
            <param name="formatterLogger">The <see cref="T:System.Net.Http.Formatting.IFormatterLogger"/> to log events to.</param>
            <returns>An object of the given type.</returns>
        </member>
        <member name="T:Newegg.EC.Net.Http.Formating.JsonFormatter">
            <summary>
            EC version json media type formatter.
            </summary>
        </member>
        <member name="F:Newegg.EC.Net.Http.Formating.JsonFormatter.jsonSerializer">
            <summary>
            Json serializer.
            </summary>
        </member>
        <member name="M:Newegg.EC.Net.Http.Formating.JsonFormatter.#ctor">
            <summary>
            Initializes a new instance of the JsonFormatter class.
            </summary>
        </member>
        <member name="M:Newegg.EC.Net.Http.Formating.JsonFormatter.CanReadType(System.Type)">
            <summary>
            Queries whether this System.Net.Http.Formatting.MediaTypeFormatter can deserializean object of the specified type.
            </summary>
            <param name="type">The type to deserialize.</param>
            <returns>True if the System.Net.Http.Formatting.MediaTypeFormatter can deserialize the type; otherwise, false.</returns>
        </member>
        <member name="M:Newegg.EC.Net.Http.Formating.JsonFormatter.CanWriteType(System.Type)">
            <summary>
            Queries whether this System.Net.Http.Formatting.MediaTypeFormatter can serializean object of the specified type.
            </summary>
            <param name="type">The type to serialize.</param>
            <returns>true if the System.Net.Http.Formatting.MediaTypeFormatter can serialize the type; otherwise, false.</returns>
        </member>
        <member name="M:Newegg.EC.Net.Http.Formating.JsonFormatter.WriteToStream(System.Type,System.Object,System.IO.Stream,System.Net.Http.HttpContent)">
            <summary>
            Writes synchronously to the buffered stream.
            </summary>
            <remarks>
            An implementation of this method should close <paramref name="writeStream"/> upon completion.
            </remarks>
            <param name="type">The type of the object to write.</param>
            <param name="value">The object value to write.  It may be <c>null</c>.</param>
            <param name="writeStream">The <see cref="T:System.IO.Stream"/> to which to write.</param>
            <param name="content">The <see cref="T:System.Net.Http.HttpContent"/> if available. Note that modifying the headers of the content will have no effect on the generated HTTP message; they should only be used to guide the writing.</param>
        </member>
        <member name="M:Newegg.EC.Net.Http.Formating.JsonFormatter.ReadFromStream(System.Type,System.IO.Stream,System.Net.Http.HttpContent,System.Net.Http.Formatting.IFormatterLogger)">
            <summary>
            Reads synchronously from the buffered stream.
            </summary>
            <remarks>
            An implementation of this method should close <paramref name="readStream"/> upon completion.
            </remarks>
            <param name="type">The type of the object to deserialize.</param>
            <param name="readStream">The <see cref="T:System.IO.Stream"/> to read.</param>
            <param name="content">The <see cref="T:System.Net.Http.HttpContent"/> if available.</param>
            <param name="formatterLogger">The <see cref="T:System.Net.Http.Formatting.IFormatterLogger"/> to log events to.</param>
            <returns>An object of the given type.</returns>
        </member>
        <member name="T:Newegg.EC.Net.Http.Formating.MediaTypeConstants">
            <summary>
            Constants related to media types.
            </summary>
        </member>
        <member name="F:Newegg.EC.Net.Http.Formating.MediaTypeConstants.applicationXmlMediaType">
            <summary>
            Application xml media type.
            </summary>
        </member>
        <member name="F:Newegg.EC.Net.Http.Formating.MediaTypeConstants.textXmlMediaType">
            <summary>
            Text xml media type.
            </summary>
        </member>
        <member name="F:Newegg.EC.Net.Http.Formating.MediaTypeConstants.applicationJsonMediaType">
            <summary>
            Application json media type.
            </summary>
        </member>
        <member name="F:Newegg.EC.Net.Http.Formating.MediaTypeConstants.textJsonMediaType">
            <summary>
            Text json media type.
            </summary>
        </member>
        <member name="F:Newegg.EC.Net.Http.Formating.MediaTypeConstants.applicationGsonMediaType">
            <summary>
            Application gson media type.
            </summary>
        </member>
        <member name="F:Newegg.EC.Net.Http.Formating.MediaTypeConstants.textGsonMediaType">
            <summary>
            Text gson media type.
            </summary>
        </member>
        <member name="F:Newegg.EC.Net.Http.Formating.MediaTypeConstants.applicationOctetStreamMediaType">
            <summary>
            Application octet stream media type.
            </summary>
        </member>
        <member name="F:Newegg.EC.Net.Http.Formating.MediaTypeConstants.applicationFormUrlEncodedMediaType">
            <summary>
            Application form url encoded media type.
            </summary>
        </member>
        <member name="F:Newegg.EC.Net.Http.Formating.MediaTypeConstants.htmlTextDataMediaType">
            <summary>
            Html text data media type encoded media type.
            </summary>
        </member>
        <member name="F:Newegg.EC.Net.Http.Formating.MediaTypeConstants.plainTextMediaType">
            <summary>
            Plain text media type.
            </summary>
        </member>
        <member name="P:Newegg.EC.Net.Http.Formating.MediaTypeConstants.ApplicationXmlMediaType">
            <summary>
            Gets a <see cref="T:System.Net.Http.Headers.MediaTypeHeaderValue"/> instance representing <c>application/xml</c>.
            </summary>
            <value>
            A new <see cref="T:System.Net.Http.Headers.MediaTypeHeaderValue"/> instance representing <c>application/xml</c>.
            </value>
        </member>
        <member name="P:Newegg.EC.Net.Http.Formating.MediaTypeConstants.TextXmlMediaType">
            <summary>
            Gets a <see cref="T:System.Net.Http.Headers.MediaTypeHeaderValue"/> instance representing <c>text/xml</c>.
            </summary>
            <value>
            A new <see cref="T:System.Net.Http.Headers.MediaTypeHeaderValue"/> instance representing <c>text/xml</c>.
            </value>
        </member>
        <member name="P:Newegg.EC.Net.Http.Formating.MediaTypeConstants.ApplicationJsonMediaType">
            <summary>
            Gets a <see cref="T:System.Net.Http.Headers.MediaTypeHeaderValue"/> instance representing <c>application/json</c>.
            </summary>
            <value>
            A new <see cref="T:System.Net.Http.Headers.MediaTypeHeaderValue"/> instance representing <c>application/json</c>.
            </value>
        </member>
        <member name="P:Newegg.EC.Net.Http.Formating.MediaTypeConstants.TextJsonMediaType">
            <summary>
            Gets a <see cref="T:System.Net.Http.Headers.MediaTypeHeaderValue"/> instance representing <c>text/json</c>.
            </summary>
            <value>
            A new <see cref="T:System.Net.Http.Headers.MediaTypeHeaderValue"/> instance representing <c>text/json</c>.
            </value>
        </member>
        <member name="P:Newegg.EC.Net.Http.Formating.MediaTypeConstants.ApplicationGsonMediaType">
            <summary>
            Gets a <see cref="T:System.Net.Http.Headers.MediaTypeHeaderValue"/> instance representing <c>application/gson</c>.
            </summary>
            <value>
            A new <see cref="T:System.Net.Http.Headers.MediaTypeHeaderValue"/> instance representing <c>application/gjson</c>.
            </value>
        </member>
        <member name="P:Newegg.EC.Net.Http.Formating.MediaTypeConstants.TextGsonMediaType">
            <summary>
            Gets a <see cref="T:System.Net.Http.Headers.MediaTypeHeaderValue"/> instance representing <c>text/gson</c>.
            </summary>
            <value>
            A new <see cref="T:System.Net.Http.Headers.MediaTypeHeaderValue"/> instance representing <c>text/gson</c>.
            </value>
        </member>
        <member name="P:Newegg.EC.Net.Http.Formating.MediaTypeConstants.ApplicationOctetStreamMediaType">
            <summary>
            Gets a <see cref="T:System.Net.Http.Headers.MediaTypeHeaderValue"/> instance representing <c>application/octet-stream</c>.
            </summary>
            <value>
            A new <see cref="T:System.Net.Http.Headers.MediaTypeHeaderValue"/> instance representing <c>application/octet-stream</c>.
            </value>
        </member>
        <member name="P:Newegg.EC.Net.Http.Formating.MediaTypeConstants.ApplicationFormUrlEncodedMediaType">
            <summary>
            Gets a <see cref="T:System.Net.Http.Headers.MediaTypeHeaderValue"/> instance representing <c>application/x-www-form-urlencoded</c>.
            </summary>
            <value>
            A new <see cref="T:System.Net.Http.Headers.MediaTypeHeaderValue"/> instance representing <c>application/x-www-form-urlencoded</c>.
            </value>
        </member>
        <member name="P:Newegg.EC.Net.Http.Formating.MediaTypeConstants.HtmlTextDataMediaType">
            <summary>
            Gets a <see cref="T:System.Net.Http.Headers.MediaTypeHeaderValue"/> instance representing <c>text/html</c>.
            </summary>
            <value>
            A new <see cref="T:System.Net.Http.Headers.MediaTypeHeaderValue"/> instance representing <c>text/html</c>.
            </value>
        </member>
        <member name="P:Newegg.EC.Net.Http.Formating.MediaTypeConstants.PlainTextMediaType">
            <summary>
            Gets a <see cref="T:System.Net.Http.Headers.MediaTypeHeaderValue"/> instance representing <c>text/plain</c>.
            </summary>
            <value>
            A new <see cref="T:System.Net.Http.Headers.MediaTypeHeaderValue"/> instance representing <c>text/plain</c>.
            </value>
        </member>
        <member name="T:Newegg.EC.Net.Http.Formating.XmlFormatter">
            <summary>
            Xml media type formatter.
            </summary>
        </member>
        <member name="F:Newegg.EC.Net.Http.Formating.XmlFormatter.xmlSerializer">
            <summary>
            Json serializer.
            </summary>
        </member>
        <member name="M:Newegg.EC.Net.Http.Formating.XmlFormatter.#ctor">
            <summary>
            Initializes a new instance of the XmlFormatter class.
            </summary>
        </member>
        <member name="M:Newegg.EC.Net.Http.Formating.XmlFormatter.CanReadType(System.Type)">
            <summary>
            Queries whether this System.Net.Http.Formatting.MediaTypeFormatter can deserializean object of the specified type.
            </summary>
            <param name="type">The type to deserialize.</param>
            <returns>True if the System.Net.Http.Formatting.MediaTypeFormatter can deserialize the type; otherwise, false.</returns>
        </member>
        <member name="M:Newegg.EC.Net.Http.Formating.XmlFormatter.CanWriteType(System.Type)">
            <summary>
            Queries whether this System.Net.Http.Formatting.MediaTypeFormatter can serializean object of the specified type.
            </summary>
            <param name="type">The type to serialize.</param>
            <returns>true if the System.Net.Http.Formatting.MediaTypeFormatter can serialize the type; otherwise, false.</returns>
        </member>
        <member name="M:Newegg.EC.Net.Http.Formating.XmlFormatter.WriteToStream(System.Type,System.Object,System.IO.Stream,System.Net.Http.HttpContent)">
            <summary>
            Writes synchronously to the buffered stream.
            </summary>
            <remarks>
            An implementation of this method should close <paramref name="writeStream"/> upon completion.
            </remarks>
            <param name="type">The type of the object to write.</param>
            <param name="value">The object value to write.  It may be <c>null</c>.</param>
            <param name="writeStream">The <see cref="T:System.IO.Stream"/> to which to write.</param>
            <param name="content">The <see cref="T:System.Net.Http.HttpContent"/> if available. Note that modifying the headers of the content will have no effect on the generated HTTP message; they should only be used to guide the writing.</param>
        </member>
        <member name="M:Newegg.EC.Net.Http.Formating.XmlFormatter.ReadFromStream(System.Type,System.IO.Stream,System.Net.Http.HttpContent,System.Net.Http.Formatting.IFormatterLogger)">
            <summary>
            Reads synchronously from the buffered stream.
            </summary>
            <remarks>
            An implementation of this method should close <paramref name="readStream"/> upon completion.
            </remarks>
            <param name="type">The type of the object to deserialize.</param>
            <param name="readStream">The <see cref="T:System.IO.Stream"/> to read.</param>
            <param name="content">The <see cref="T:System.Net.Http.HttpContent"/> if available.</param>
            <param name="formatterLogger">The <see cref="T:System.Net.Http.Formatting.IFormatterLogger"/> to log events to.</param>
            <returns>An object of the given type.</returns>
        </member>
        <member name="T:Newegg.EC.Net.Http.DefaultRestfulResponse">
            <summary>
            Default restful response.
            </summary>
        </member>
        <member name="M:Newegg.EC.Net.Http.DefaultRestfulResponse.#ctor(System.Net.Http.HttpResponseMessage)">
            <summary>
            Initializes a new instance of the DefaultRestfulResponse class.
            </summary>
            <param name="response">Http response message.</param>
        </member>
        <member name="P:Newegg.EC.Net.Http.DefaultRestfulResponse.Headers">
            <summary>
            Gets head collection.
            </summary>
        </member>
        <member name="P:Newegg.EC.Net.Http.DefaultRestfulResponse.RequestUri">
            <summary>
            Gets request uri.
            </summary>
        </member>
        <member name="P:Newegg.EC.Net.Http.DefaultRestfulResponse.IsSuccessStatusCode">
            <summary>
            Gets a value indicating whether the HTTP response was successful.
            </summary>
            <value>Returns System.Boolean.A value that indicates if the HTTP response was successful. True if System.Net.Http.HttpResponseMessage.StatusCode was in the range 200-299; otherwise false.</value>
        </member>
        <member name="P:Newegg.EC.Net.Http.DefaultRestfulResponse.StatusCode">
            <summary>
            Gets the status code of the HTTP response.
            </summary>
            <value>Returns System.Net.HttpStatusCode.The status code of the HTTP response.</value>
        </member>
        <member name="P:Newegg.EC.Net.Http.DefaultRestfulResponse.ReasonPhrase">
            <summary>
            Gets the reason phrase which typically is sent by servers together with the status code.
            </summary>
            <value>Returns System.String.The reason phrase sent by the server.</value>
        </member>
        <member name="P:Newegg.EC.Net.Http.DefaultRestfulResponse.ResponseBodyBytes">
            <summary>
            Gets response body bytes.
            </summary>
        </member>
        <member name="T:Newegg.EC.Net.Http.DefaultRestfulResponse`1">
            <summary>
            Default implement of default restful response.
            </summary>
            <typeparam name="TResponse">Type of response body.</typeparam>
        </member>
        <member name="M:Newegg.EC.Net.Http.DefaultRestfulResponse`1.#ctor(System.Net.Http.HttpResponseMessage)">
            <summary>
            Initializes a new instance of the DefaultRestfulResponse class.
            </summary>
            <param name="response">Http response message.</param>
        </member>
        <member name="P:Newegg.EC.Net.Http.DefaultRestfulResponse`1.ResponseBody">
            <summary>
            Gets response body.
            </summary>
        </member>
    </members>
</doc>
