<?xml version="1.0"?>
<doc>
    <assembly>
        <name>Newegg.EC.Log.MSEnterpriseLibrary</name>
    </assembly>
    <members>
        <member name="T:Newegg.EC.Log.MSEnterpriseLibrary.MsEnterpriseLibraryFrameworkLogger">
            <summary>
            Microsfot enterfprise library framework logger.
            </summary>
        </member>
        <member name="T:Newegg.EC.Log.MSEnterpriseLibrary.MsEnterpriseLibraryLogger">
            <summary>
            Microsoft enterprise library logger implement.
            </summary>
        </member>
        <member name="F:Newegg.EC.Log.MSEnterpriseLibrary.MsEnterpriseLibraryLogger.myProperities">
            <summary>
            Field of properities.
            </summary>
        </member>
        <member name="F:Newegg.EC.Log.MSEnterpriseLibrary.MsEnterpriseLibraryLogger.myCategories">
            <summary>
            Field of categories.
            </summary>
        </member>
        <member name="F:Newegg.EC.Log.MSEnterpriseLibrary.MsEnterpriseLibraryLogger.myMessages">
            <summary>
            Field of messages.
            </summary>
        </member>
        <member name="F:Newegg.EC.Log.MSEnterpriseLibrary.MsEnterpriseLibraryLogger.myPriority">
            <summary>
            Field of priprity.
            </summary>
        </member>
        <member name="F:Newegg.EC.Log.MSEnterpriseLibrary.MsEnterpriseLibraryLogger.myEventId">
            <summary>
            Field of event id.
            </summary>
        </member>
        <member name="F:Newegg.EC.Log.MSEnterpriseLibrary.MsEnterpriseLibraryLogger.mySeverity">
            <summary>
            Field of serverity.
            </summary>
        </member>
        <member name="F:Newegg.EC.Log.MSEnterpriseLibrary.MsEnterpriseLibraryLogger.serverityHasBeenSet">
            <summary>
            Serverity has been set.
            </summary>
        </member>
        <member name="F:Newegg.EC.Log.MSEnterpriseLibrary.MsEnterpriseLibraryLogger.httpContextRepository">
            <summary>
            Http context repository.
            </summary>
        </member>
        <member name="M:Newegg.EC.Log.MSEnterpriseLibrary.MsEnterpriseLibraryLogger.AddMessage(System.String)">
            <summary>
            Add message.
            </summary>
            <param name="message">Parameter of message.</param>
        </member>
        <member name="M:Newegg.EC.Log.MSEnterpriseLibrary.MsEnterpriseLibraryLogger.AddCategory(System.String)">
            <summary>
            Add category.
            </summary>
            <param name="category">Parameter of category.</param>
        </member>
        <member name="M:Newegg.EC.Log.MSEnterpriseLibrary.MsEnterpriseLibraryLogger.AddProperty(System.String,System.String)">
            <summary>
            Add log property.
            </summary>
            <param name="name">Parameter of property name.</param>
            <param name="value">Parameter of property value.</param>
        </member>
        <member name="M:Newegg.EC.Log.MSEnterpriseLibrary.MsEnterpriseLibraryLogger.Write">
            <summary>
            Write log.
            </summary>
        </member>
        <member name="M:Newegg.EC.Log.MSEnterpriseLibrary.MsEnterpriseLibraryLogger.GetMessage">
            <summary>
            Get message.
            </summary>
            <returns>Log message.</returns>
        </member>
        <member name="M:Newegg.EC.Log.MSEnterpriseLibrary.MsEnterpriseLibraryLogger.GetSeverity">
            <summary>
            Get serverity.
            </summary>
            <returns>Log serverity.</returns>
        </member>
        <member name="M:Newegg.EC.Log.MSEnterpriseLibrary.MsEnterpriseLibraryLogger.AddHttpRequestInfoToProperty">
            <summary>
            Add http request information to property.
            </summary>
        </member>
        <member name="M:Newegg.EC.Log.MSEnterpriseLibrary.MsEnterpriseLibraryLogger.GetMessage(System.Exception)">
            <summary>
            Get message.
            </summary>
            <param name="ex">Parameter of exception.</param>
            <returns>Log message.</returns>
        </member>
        <member name="M:Newegg.EC.Log.MSEnterpriseLibrary.MsEnterpriseLibraryLogger.GetMessage(System.Exception,System.Int32)">
            <summary>
            Get message.
            </summary>
            <param name="ex">Parameter of exception.</param>
            <param name="level">Parameter of exception level.</param>
            <returns>Log message.</returns>
        </member>
        <member name="P:Newegg.EC.Log.MSEnterpriseLibrary.MsEnterpriseLibraryLogger.Priority">
            <summary>
            Gets or sets log priority.
            </summary>
        </member>
        <member name="P:Newegg.EC.Log.MSEnterpriseLibrary.MsEnterpriseLibraryLogger.EventID">
            <summary>
            Gets or sets event id.
            </summary>
        </member>
        <member name="P:Newegg.EC.Log.MSEnterpriseLibrary.MsEnterpriseLibraryLogger.Title">
            <summary>
            Gets or sets title.
            </summary>
        </member>
        <member name="P:Newegg.EC.Log.MSEnterpriseLibrary.MsEnterpriseLibraryLogger.Severity">
            <summary>
            Gets or sets serverity.
            </summary>
        </member>
        <member name="P:Newegg.EC.Log.MSEnterpriseLibrary.MsEnterpriseLibraryLogger.Exception">
            <summary>
            Gets or sets exception.
            </summary>
        </member>
        <member name="M:Newegg.EC.Log.MSEnterpriseLibrary.MsEnterpriseLibraryFrameworkLogger.#ctor">
            <summary>
            Initializes a new instance of the MsEnterpriseLibraryFrameworkLogger class.
            </summary>
        </member>
        <member name="T:Newegg.EC.Log.MSEnterpriseLibrary.MsEnterpriseLibraryDebuggingLogger">
            <summary>
            Microsfot enterfprise library debugging logger.
            </summary>
        </member>
        <member name="M:Newegg.EC.Log.MSEnterpriseLibrary.MsEnterpriseLibraryDebuggingLogger.#ctor">
            <summary>
            Initializes a new instance of the MsEnterpriseLibraryDebuggingLogger class.
            </summary>
        </member>
        <member name="M:Newegg.EC.Log.MSEnterpriseLibrary.MsEnterpriseLibraryDebuggingLogger.Write">
            <summary>
            Write log.
            </summary>
        </member>
    </members>
</doc>
