<?xml version="1.0"?>
<doc>
    <assembly>
        <name>Newegg.EC.Serialization.ProtobufNet</name>
    </assembly>
    <members>
        <member name="T:Newegg.EC.Serialization.ProtobufNet.ProtobufnetSerializer">
            <summary>
            Protobuf.net serializer.
            </summary>
        </member>
        <member name="F:Newegg.EC.Serialization.ProtobufNet.ProtobufnetSerializer.HashRange">
            <summary>
            Hash range.
            </summary>
        </member>
        <member name="F:Newegg.EC.Serialization.ProtobufNet.ProtobufnetSerializer.models">
            <summary>
            My runtime type model data.
            </summary>
        </member>
        <member name="F:Newegg.EC.Serialization.ProtobufNet.ProtobufnetSerializer.typesMembersIndex">
            <summary>
            My types members index.
            </summary>
        </member>
        <member name="M:Newegg.EC.Serialization.ProtobufNet.ProtobufnetSerializer.SerializeToStream(System.IO.Stream@,System.Object)">
            <summary>
            Serialize object to stream.
            </summary>
            <param name="stream">Object stream.</param>
            <param name="obj">Requested object.</param>
        </member>
        <member name="M:Newegg.EC.Serialization.ProtobufNet.ProtobufnetSerializer.DeserializeFromStream(System.IO.Stream,System.Type,System.Object@)">
            <summary>
            Deserialize object from stream.
            </summary>
            <param name="stream">Stream which contained object.</param>
            <param name="type">Object type.</param>
            <param name="obj">Recovered object.</param>
        </member>
        <member name="M:Newegg.EC.Serialization.ProtobufNet.ProtobufnetSerializer.SerializeObjectToBytes(System.Object)">
            <summary>
            Serialize object to bytes.
            </summary>
            <param name="obj">Requested object.</param>
            <returns>Bytes array.</returns>
        </member>
        <member name="M:Newegg.EC.Serialization.ProtobufNet.ProtobufnetSerializer.DeserializeObjectFromBytes(System.Byte[],System.Type)">
            <summary>
            Deserialize object from bytes.
            </summary>
            <param name="bytes">Requested bytes.</param>
            <param name="type">Object type.</param>
            <returns>Object instance.</returns>
        </member>
        <member name="M:Newegg.EC.Serialization.ProtobufNet.ProtobufnetSerializer.SerializeToBytes``1(``0)">
            <summary>
            Serialize object to bytes.
            </summary>
            <typeparam name="T">Type of object.</typeparam>
            <param name="obj">Requested object.</param>
            <returns>Bytes array.</returns>
        </member>
        <member name="M:Newegg.EC.Serialization.ProtobufNet.ProtobufnetSerializer.DeserializeFromBytes``1(System.Byte[])">
            <summary>
            Deserialize object from bytes.
            </summary>
            <typeparam name="T">Type of object.</typeparam>
            <param name="bytes">Requested bytes.</param>
            <returns>Object instance.</returns>
        </member>
        <member name="M:Newegg.EC.Serialization.ProtobufNet.ProtobufnetSerializer.GetRuntimeTypeModel(System.Type)">
            <summary>
            Get runtime type model.
            </summary>
            <param name="type">Requested type.</param>
            <returns>Runtime type model.</returns>
        </member>
        <member name="M:Newegg.EC.Serialization.ProtobufNet.ProtobufnetSerializer.GenerateRuntimeTypeModel(System.Type)">
            <summary>
            Generate runtime type model.
            </summary>
            <param name="type">Requested type.</param>
            <returns>Runtime type model.</returns>
        </member>
        <member name="M:Newegg.EC.Serialization.ProtobufNet.ProtobufnetSerializer.AddTypeToRuntimeTypeModel(System.Type,ProtoBuf.Meta.RuntimeTypeModel)">
            <summary>
            Add type to runtime type model.
            </summary>
            <param name="type">Requested type.</param>
            <param name="model">Runtime type model.</param>
        </member>
        <member name="M:Newegg.EC.Serialization.ProtobufNet.ProtobufnetSerializer.GetTypeMembersIndex(System.Type)">
            <summary>
            Get type members index.
            </summary>
            <param name="type">Requested type.</param>
            <returns>Type member index.</returns>
        </member>
        <member name="M:Newegg.EC.Serialization.ProtobufNet.ProtobufnetSerializer.GenerateMembersIndex(System.Collections.Generic.List{Newegg.EC.Serialization.ProtobufNet.TypeMemberIndex},System.Collections.Generic.List{Newegg.EC.Serialization.ProtobufNet.TypeMemberIndex}@)">
            <summary>
            Generate members index.
            </summary>
            <param name="members">Members which need genrate index.</param>
            <param name="membersIndex">Generated member index.</param>
        </member>
        <member name="M:Newegg.EC.Serialization.ProtobufNet.ProtobufnetSerializer.GenerateMemberIndex(System.String)">
            <summary>
            Generate member index.
            </summary>
            <param name="memberName">Member name.</param>
            <returns>Member index.</returns>
        </member>
        <member name="M:Newegg.EC.Serialization.ProtobufNet.ProtobufnetSerializer.NeedAddThisType(System.Type,ProtoBuf.Meta.RuntimeTypeModel)">
            <summary>
            Check whether need add this type.
            </summary>
            <param name="type">Requested type.</param>
            <param name="model">Runtime type model.</param>
            <returns>A value indicating whether need add this type.</returns>
        </member>
        <member name="M:Newegg.EC.Serialization.ProtobufNet.ProtobufnetSerializer.NeedAddThisProperty(System.ComponentModel.PropertyDescriptor)">
            <summary>
            Check whether need add this property.
            </summary>
            <param name="property">Property descriptor.</param>
            <returns>A value indicating whether need add this property.</returns>
        </member>
        <member name="M:Newegg.EC.Serialization.ProtobufNet.ProtobufnetSerializer.GetMemberName(System.ComponentModel.PropertyDescriptor)">
            <summary>
            Get member name.
            </summary>
            <param name="property">Property descriptor.</param>
            <returns>Member name.</returns>
        </member>
        <member name="T:Newegg.EC.Serialization.ProtobufNet.ProtobufnetSerializer.Test">
            <summary>
            Test class.
            </summary>
        </member>
        <member name="P:Newegg.EC.Serialization.ProtobufNet.ProtobufnetSerializer.Test.Name">
            <summary>
            Gets or sets name.
            </summary>
        </member>
        <member name="P:Newegg.EC.Serialization.ProtobufNet.ProtobufnetSerializer.Test.Sub">
            <summary>
            Gets or sets sub class.
            </summary>
        </member>
        <member name="T:Newegg.EC.Serialization.ProtobufNet.ProtobufnetSerializer.TestSubClass">
            <summary>
            Test class.
            </summary>
        </member>
        <member name="P:Newegg.EC.Serialization.ProtobufNet.ProtobufnetSerializer.TestSubClass.Age">
            <summary>
            Gets or sets age.
            </summary>
        </member>
        <member name="P:Newegg.EC.Serialization.ProtobufNet.ProtobufnetSerializer.TestSubClass.Birthday">
            <summary>
            Gets or sets birthday.
            </summary>
        </member>
        <member name="T:Newegg.EC.Serialization.ProtobufNet.TypeMemberIndex">
            <summary>
            Type member index.
            </summary>
        </member>
        <member name="P:Newegg.EC.Serialization.ProtobufNet.TypeMemberIndex.PropertyName">
            <summary>
            Gets or sets property name.
            </summary>
        </member>
        <member name="P:Newegg.EC.Serialization.ProtobufNet.TypeMemberIndex.MemberName">
            <summary>
            Gets or sets member name.
            </summary>
        </member>
        <member name="P:Newegg.EC.Serialization.ProtobufNet.TypeMemberIndex.MemberIndex">
            <summary>
            Gets or sets member index.
            </summary>
        </member>
    </members>
</doc>
