<?xml version="1.0"?>
<doc>
    <assembly>
        <name>Newegg.EC.Web.Cookie.NeweggOlder</name>
    </assembly>
    <members>
        <member name="M:Newegg.Framework.Web.Cookie.CookieBaseManager.IsNewVersionValue(System.String)">
            <summary>
            check version(#1,#2)
            </summary>
            <param name="cookie"></param>
            <returns></returns>
        </member>
        <member name="M:Newegg.Framework.Web.Cookie.CookieBaseManager.ConvertCookieValueToNameValueCollection(System.String)">
            <summary>
            only get two-dimension cookies
            </summary>
            <param name="cookieValue"></param>
            <returns></returns>
        </member>
        <member name="M:Newegg.Framework.Web.Cookie.CookieBaseManager.ClearDomainCookieRealValue(System.String,System.String)">
            <summary>
            clear cookie
            </summary>
            <param name="cookieName"></param>
            <param name="domainname"></param>
        </member>
        <member name="M:Newegg.Framework.Web.Cookie.CookieBaseManager.SaveOldCookieAsNewFormat(System.Web.HttpCookie,System.String,System.String,System.TimeSpan)">
            <summary>
            change old farmat cookie to new
            </summary>
            <param name="cookie"></param>
            <param name="domainname"></param>
            <param name="siteID"></param>
            <param name="expireDate"></param>
        </member>
        <member name="M:Newegg.Framework.Web.Cookie.CookieBaseManager.BuildSiteCookieFromCookieValue(System.String,System.String)">
            <summary>
            build siteCookie according to cookie value
            </summary>
            <param name="cookieValue"></param>
            <param name="siteID"></param>
            <returns></returns>
        </member>
        <member name="M:Newegg.Framework.Web.Cookie.CookieBaseManager.BuildSiteCookieFromNewCookieValue(System.String,System.String)">
            <summary>
            build siteCookie according to new cookie value 
            </summary>
            <param name="cookieValue"></param>
            <param name="siteID"></param>
            <returns></returns>
        </member>
        <member name="M:Newegg.Framework.Web.Cookie.CookieBaseManager.BuildSiteCookieFromOldCookieValue(System.String,System.String)">
            <summary>
            build siteCookie according to old cookie value
             (Warning:must think about oldCookieValue is one-dimension or two-dimension value
            ,so check whether it need to be encode )
            </summary>
            <param name="oldCookieValue">if oldCookieValue is one-dimension cookie,it need to be encode </param>
            <param name="siteID"></param>
            <returns></returns>
        </member>
        <member name="M:Newegg.Framework.Web.Cookie.ICookieManager.CopyCookieToResponse(System.String)">
            <summary>
            copy cookie from HttpRequest from HttpResponse. Call this function before setting any cookie value.
            </summary>
            <param name="cookieName">name of the cookie</param>
            <remarks>
            In ASP.Net, as request cookie is not initially copied to response cookie, if we directly 
            set a two-dimension cookie value, we may lose cookie values that are not set. 
            For example, suppose the request cookie is "storeid=5:storetype=1", which means<br/>
            	cookie["storeid"]="5", cookie["storetype"]="1"<br/>
            after we set the response cookie like: responseCookie["storetype"]="0", as response cookie is initally blank, 
            the resulting cookie value will be: <br/>
            	"storetype=0", as can be seen, "storeid" is erased.
            </remarks>
        </member>
        <member name="M:Newegg.Framework.Web.Cookie.ClassicCookieManager.CopyCookieToResponse(System.String)">
            <summary>
            copy cookie from HttpRequest from HttpResponse. Call this function before setting any cookie value.
            </summary>
            <param name="cookieName">name of the cookie</param>
            <remarks>
            In ASP.Net, as request cookie is not initially copied to response cookie, if we directly 
            set a two-dimension cookie value, we may lose cookie values that are not set. 
            For example, suppose the request cookie is "storeid=5:storetype=1", which means<br/>
            	cookie["storeid"]="5", cookie["storetype"]="1"<br/>
            after we set the response cookie like: responseCookie["storetype"]="0", as response cookie is initally blank, 
            the resulting cookie value will be: <br/>
            	"storetype=0", as can be seen, "storeid" is erased.
            </remarks>
        </member>
        <member name="T:Newegg.Framework.Web.Cookie.CookieManager">
            <summary>
            Provides cookie manipulation.
            </summary>
        </member>
        <member name="M:Newegg.Framework.Web.Cookie.CookieManager.CopyCookieToResponse(System.String)">
            <summary>
            copy cookie from HttpRequest from HttpResponse. Call this function before setting any cookie value.
            </summary>
            <param name="cookieName">name of the cookie</param>
            <remarks>
            In ASP.Net, as request cookie is not initially copied to response cookie, if we directly 
            set a two-dimension cookie value, we may lose cookie values that are not set. 
            For example, suppose the request cookie is "storeid=5:storetype=1", which means<br/>
            	cookie["storeid"]="5", cookie["storetype"]="1"<br/>
            after we set the response cookie like: responseCookie["storetype"]="0", as response cookie is initally blank, 
            the resulting cookie value will be: <br/>
            	"storetype=0", as can be seen, "storeid" is erased.
            </remarks>
        </member>
        <member name="M:Newegg.Framework.Web.Cookie.CookieManager.ClearDomainCookie(System.String,System.String,System.TimeSpan)">
            <summary>
            clear one-dimension cookie
            </summary>
            <param name="cookieName"></param>
            <param name="domainName"></param>
            <param name="expireDate"></param>
        </member>
        <member name="M:Newegg.Framework.Web.Cookie.CookieManager.ClearDomainCookie(System.String,System.String,System.String,System.TimeSpan)">
            <summary>
            clear two-dimension cookie
            </summary>
            <param name="cookieName"></param> 
            <param name="index"></param>
            <param name="domainName"></param>
            <param name="expireDate"></param>
        </member>
        <member name="M:Newegg.Framework.Web.Cookie.CookieManager.SaveCookieValue(System.String,Newegg.Framework.Web.Cookie.SiteCookie,System.String,System.TimeSpan,System.Boolean)">
            <summary>
            save cookie ,if siteCookie is expired then clear,
            </summary>
            <param name="cookieName"></param>
            <param name="siteCookie"></param>
            <param name="domainName"></param>
            <param name="expireDate"></param>
            <param name="secure"></param>
        </member>
        <member name="T:Newegg.EC.Web.Cookie.NeweggOlder.CookieRepositoryForOldCookieManager">
            <summary>
            Cookie repository for old cookie manager. 
            </summary>
        </member>
        <member name="F:Newegg.EC.Web.Cookie.NeweggOlder.CookieRepositoryForOldCookieManager.bizUnit">
            <summary>
            Biz unit.
            </summary>
        </member>
        <member name="F:Newegg.EC.Web.Cookie.NeweggOlder.CookieRepositoryForOldCookieManager.manager">
            <summary>
            Cookie manager.
            </summary>
        </member>
        <member name="F:Newegg.EC.Web.Cookie.NeweggOlder.CookieRepositoryForOldCookieManager.cookiesConfigRepository">
            <summary>
            Cookies config repository.
            </summary>
        </member>
        <member name="F:Newegg.EC.Web.Cookie.NeweggOlder.CookieRepositoryForOldCookieManager.expireTime">
            <summary>
            Expire Time.
            </summary>
        </member>
        <member name="M:Newegg.EC.Web.Cookie.NeweggOlder.CookieRepositoryForOldCookieManager.GetValue(System.String)">
            <summary>
            Get cookie value by cookie config key.
            </summary>
            <param name="configKey">Requested cookie config key.</param>
            <returns>Cookie value.</returns>
        </member>
        <member name="M:Newegg.EC.Web.Cookie.NeweggOlder.CookieRepositoryForOldCookieManager.GetValue(System.String,System.String)">
            <summary>
            Get cookie value by cookie config key and sub index.
            </summary>
            <param name="configKey">Requested cookie config key.</param>
            <param name="subIndex">Requested cookie sub index.</param>
            <returns>Cookie value.</returns>
        </member>
        <member name="M:Newegg.EC.Web.Cookie.NeweggOlder.CookieRepositoryForOldCookieManager.SetValue(System.String,System.String,System.String)">
            <summary>
            Set cookie value by cookie config key.
            </summary>
            <param name="configKey">Cookie config key.</param>
            <param name="index">Cookie sub index.</param>
            <param name="value">Cookie value.</param>
        </member>
        <member name="M:Newegg.EC.Web.Cookie.NeweggOlder.CookieRepositoryForOldCookieManager.SetValue(System.String,System.String)">
            <summary>
            Set cookie value by cookie config key.
            </summary>
            <param name="configKey">Cookie config key.</param>
            <param name="value">Cookie value.</param>
        </member>
        <member name="M:Newegg.Framework.Web.Cookie.CookieWrapper.TrimCookieValuePrefix(System.String)">
            <summary>
            trim prefix
            </summary>
            <param name="cookie"></param>
            <returns></returns>
        </member>
        <member name="M:Newegg.Framework.Web.Cookie.SiteCookie.AddSiteCookie(System.String,Newegg.Framework.Web.Cookie.SiteCookieItem)">
            <summary>
            set cookie value
            </summary>
            <param name="siteID"></param>
            <param name="siteCookieItem"></param>
        </member>
        <member name="M:Newegg.Framework.Web.Cookie.SiteCookie.AddSiteCookie(System.String,System.String,System.String)">
            <summary>
            set cookie name ,value
            </summary>
            <param name="siteID"></param>
            <param name="key"></param>
            <param name="value"></param>
        </member>
        <member name="M:Newegg.Framework.Web.Cookie.SiteCookie.SetSiteCookieExpiredDate(System.String,System.DateTime)">
            <summary>
            set site cookie expired date
            </summary>
            <param name="siteID"></param>
            <param name="dt"></param>
        </member>
        <member name="M:Newegg.Framework.Web.Cookie.SiteCookie.ReSetDimension">
            <summary>
            before serializer it ,we must invoke this method first to make sure it work in a  right way
            </summary>
        </member>
        <member name="P:Newegg.Framework.Web.Cookie.SiteCookie.Item(System.String)">
            <summary>
            get siteCookieItem according to siteID,it make siteCookieItem can't be null
            </summary>
            <param name="siteID"></param>
            <returns></returns>
        </member>
        <member name="M:Newegg.Framework.Web.Cookie.SiteCookieItem.RetSetDimension">
            <summary>
            before serializer it ,we must invoke this method first to make sure it work in a  right way
            </summary>
        </member>
        <member name="T:Newegg.Framework.Web.Cookie.CustomerDateFormatInfo">
            <summary>
            custmer format to separate date with "/"
            </summary>
        </member>
        <member name="M:Newegg.Framework.Web.WebUtility.CookieEncode(System.String)">
            <summary>
            used for cookie
            </summary>
            <param name="input"></param>
            <returns></returns>
        </member>
        <member name="M:Newegg.Framework.Web.WebUtility.CookieDecode(System.String)">
            <summary>
             used for cookie
            </summary>
            <param name="input"></param>
            <returns></returns>
        </member>
    </members>
</doc>
